Combinations,Percentage of Players
air + air,29.4
air + algae,15.9
air + aquarium,1.2
air + atomic bomb,5.3
air + bacteria,0.6
air + boiler,1.8
air + brick,17.6
air + bullet,1.8
air + cactus,0.6
air + clay,0.6
air + cloud,26.5
air + cotton,0.6
air + dam,0.6
air + day,2.9
air + desert,1.8
air + dew,5.3
air + dune,1.8
air + dust,34.7
air + earth,73.5
air + earthquake,17.6
air + energy,47.6
air + excalibur,1.2
air + fireworks,0.6
air + geyser,17.6
air + gold,0.6
air + grass,4.7
air + grenade,0.6
air + gunpowder,6.5
air + horizon,2.4
air + house,2.9
air + human,0.6
air + isle,2.4
air + light,0.6
air + mountain range,0.6
air + mud,20.0
air + night,0.6
air + obsidian,9.4
air + ocean,7.1
air + paint,0.6
air + plant,14.1
air + pond,0.6
air + pressure,12.4
air + pyramid,0.6
air + rain,34.1
air + rust,1.8
air + sand,5.9
air + sandstone,1.2
air + steam,42.9
air + stone,11.2
air + sun,2.9
air + swamp,4.1
air + tobacco,6.5
air + tsunami,1.8
air + village,0.6
air + volcano,17.1
air + wave,1.8
air + wind,24.7
air + windmill,1.8
air + wizard,0.6
algae + algae,11.2
algae + allergy,0.6
algae + atmosphere,1.8
algae + brick,5.3
algae + coal,0.6
algae + cotton,0.6
algae + dust,5.3
algae + energy,10.6
algae + explosion,0.6
algae + fire,14.7
algae + flood,0.6
algae + garden,2.9
algae + geyser,2.4
algae + granite,0.6
algae + gunpowder,0.6
algae + horizon,1.2
algae + house,0.6
algae + human,0.6
algae + isle,0.6
algae + lava,6.5
algae + metal,0.6
algae + moss,0.6
algae + obsidian,3.5
algae + ocean,2.4
algae + plant,5.9
algae + pressure,2.4
algae + rainbow,0.6
algae + salt,1.8
algae + sea,5.9
algae + steam,7.6
algae + stone,3.5
algae + storm,0.6
algae + tide,0.6
algae + volcano,2.4
algae + water,17.6
algae + wave,0.6
algae + wind,6.5
algae + wire,0.6
allergy + ash,0.6
allergy + farmer,0.6
allergy + rain,0.6
allergy + water,0.6
aquarium + algae,0.6
aquarium + aquarium,2.4
aquarium + beach,1.2
aquarium + dune,0.6
aquarium + dust,1.2
aquarium + electricity,0.6
aquarium + glass,1.2
aquarium + sandstone,0.6
archipelago + air,1.2
archipelago + archipelago,5.3
archipelago + city,1.8
archipelago + dam,0.6
archipelago + earthquake,0.6
archipelago + explosion,1.2
archipelago + flood,1.2
archipelago + horizon,0.6
archipelago + isle,1.8
archipelago + lava,0.6
archipelago + moon,0.6
archipelago + wind,0.6
ash + air,8.2
ash + algae,1.8
ash + archipelago,0.6
ash + ash,4.1
ash + beach,1.2
ash + blade,0.6
ash + brick,3.5
ash + city,0.6
ash + cloud,2.4
ash + dam,0.6
ash + dew,0.6
ash + dune,0.6
ash + energy,8.2
ash + fire,8.2
ash + flood,0.6
ash + garden,0.6
ash + geyser,2.4
ash + gold,0.6
ash + grass,1.2
ash + house,0.6
ash + hurricane,1.8
ash + isle,0.6
ash + metal,0.6
ash + mud,3.5
ash + obsidian,2.9
ash + ocean,1.2
ash + pressure,0.6
ash + rain,5.3
ash + rust,0.6
ash + salt,0.6
ash + sound,0.6
ash + stone,2.4
ash + water,10.0
atmosphere + air,9.4
atmosphere + aquarium,0.6
atmosphere + archipelago,0.6
atmosphere + ash,1.8
atmosphere + atmosphere,10.6
atmosphere + atomic bomb,1.2
atmosphere + cloud,3.5
atmosphere + dust,3.5
atmosphere + earthquake,2.4
atmosphere + electricity,1.2
atmosphere + garden,0.6
atmosphere + grass,0.6
atmosphere + gun,0.6
atmosphere + house,1.2
atmosphere + hurricane,0.6
atmosphere + lava,2.4
atmosphere + light,0.6
atmosphere + metal,1.8
atmosphere + plant,1.2
atmosphere + sea,4.1
atmosphere + sky,2.9
atmosphere + steam,4.7
atmosphere + stone,0.6
atmosphere + storm,0.6
atmosphere + tobacco,0.6
atmosphere + water,5.9
atmosphere + wave,1.2
atmosphere + wire,1.8
atomic bomb + algae,2.9
atomic bomb + archipelago,0.6
atomic bomb + ash,0.6
atomic bomb + atomic bomb,4.7
atomic bomb + blade,1.2
atomic bomb + boiler,0.6
atomic bomb + cloud,1.8
atomic bomb + cold,0.6
atomic bomb + dust,3.5
atomic bomb + earth,4.1
atomic bomb + earthquake,3.5
atomic bomb + explosion,8.2
atomic bomb + fireman,0.6
atomic bomb + gunpowder,2.4
atomic bomb + house,0.6
atomic bomb + human,0.6
atomic bomb + lava,1.8
atomic bomb + metal,2.9
atomic bomb + mud,2.4
atomic bomb + obsidian,1.8
atomic bomb + plankton,0.6
atomic bomb + salt,0.6
atomic bomb + sand,0.6
atomic bomb + sea,0.6
atomic bomb + sound,0.6
atomic bomb + steam,2.4
atomic bomb + stone,1.2
atomic bomb + storm,2.4
atomic bomb + sun,0.6
atomic bomb + swamp,0.6
atomic bomb + village,0.6
atomic bomb + volcano,4.7
atomic bomb + wall,0.6
atomic bomb + wave,0.6
atomic bomb + wind,3.5
atomic bomb + wizard,0.6
bacteria + brick,0.6
bacteria + earth,0.6
bacteria + energy,0.6
bacteria + fire,0.6
bacteria + geyser,0.6
bacteria + obsidian,0.6
bacteria + plant,0.6
bacteria + rain,0.6
bacteria + steam,0.6
bacteria + wind,0.6
bayonet + bayonet,0.6
bayonet + blade,0.6
bayonet + sword,0.6
beach + air,2.4
beach + algae,1.2
beach + atmosphere,1.2
beach + atomic bomb,1.2
beach + beach,2.9
beach + boiler,0.6
beach + brick,0.6
beach + bullet,0.6
beach + desert,0.6
beach + earth,3.5
beach + energy,2.4
beach + lava,1.8
beach + mountain,0.6
beach + pyramid,0.6
beach + sand,1.2
beach + sea,0.6
beach + stone,1.2
beach + volcano,1.8
beach + wave,0.6
beach + wind,2.4
bird + energy,0.6
blade + air,1.8
blade + aquarium,0.6
blade + archipelago,0.6
blade + blade,4.1
blade + bullet,2.4
blade + dust,1.8
blade + earth,1.2
blade + earthquake,0.6
blade + electricity,2.9
blade + energy,3.5
blade + explosion,0.6
blade + gun,0.6
blade + gunpowder,1.2
blade + hay,0.6
blade + light,0.6
blade + moon,0.6
blade + mud,1.2
blade + obsidian,1.2
blade + pressure,0.6
blade + sand,0.6
blade + sandstorm,0.6
blade + scissors,2.4
blade + sky,0.6
blade + stone,2.9
blade + swamp,0.6
blade + volcano,0.6
blade + water,2.4
blade + wind,0.6
blender + air,1.2
blender + blade,1.2
blender + blender,1.2
blender + bullet,0.6
blender + earth,0.6
blender + excalibur,0.6
blender + fire,0.6
blender + rain,0.6
blender + sky,0.6
blender + wire,1.2
boiler + boiler,1.2
boiler + bullet,0.6
boiler + desert,0.6
boiler + dust,0.6
boiler + light,0.6
boiler + metal,0.6
boiler + obsidian,1.2
boiler + pressure,1.2
boiler + sand,0.6
boiler + sea,1.2
boiler + stone,0.6
boiler + wire,0.6
brick + aquarium,0.6
brick + atmosphere,1.8
brick + atomic bomb,2.9
brick + blade,1.2
brick + brick,16.5
brick + bullet,0.6
brick + clay,1.8
brick + cloud,4.7
brick + cotton,0.6
brick + day,0.6
brick + earth,19.4
brick + energy,17.1
brick + flood,1.2
brick + granite,0.6
brick + grass,1.2
brick + house,1.8
brick + hurricane,1.8
brick + moss,1.2
brick + mountain,1.2
brick + ocean,1.8
brick + pressure,2.9
brick + river,0.6
brick + salt,1.2
brick + sand,1.2
brick + scissors,1.2
brick + sea,1.8
brick + sky,0.6
brick + sound,0.6
brick + steam,8.8
brick + stone,4.1
brick + swamp,2.9
brick + tobacco,4.1
brick + tsunami,0.6
brick + wall,4.7
bullet + atomic bomb,1.2
bullet + bullet,1.8
bullet + dust,1.2
bullet + dynamite,0.6
bullet + electricity,0.6
bullet + fire,1.8
bullet + flamethrower,0.6
bullet + lava,1.2
bullet + metal,4.1
bullet + stone,0.6
bullet + tobacco,0.6
bullet + water gun,0.6
cactus + cloud,0.6
cactus + earthquake,0.6
cactus + water,0.6
city + air,1.8
city + algae,0.6
city + atmosphere,0.6
city + atomic bomb,1.8
city + boiler,0.6
city + brick,2.9
city + city,12.4
city + cloud,1.2
city + dam,0.6
city + desert,0.6
city + earth,2.9
city + electricity,0.6
city + energy,5.9
city + house,4.1
city + metal,0.6
city + moon,0.6
city + mountain range,1.2
city + night,0.6
city + ocean,0.6
city + rain,1.2
city + river,0.6
city + salt,1.2
city + sea,1.8
city + steam,1.8
city + tobacco,0.6
city + tsunami,0.6
city + wall,4.1
city + water,2.9
city + wind,0.6
clay + beach,0.6
clay + clay,0.6
clay + lava,1.2
clay + river,0.6
clay + water,1.2
clay + wire,0.6
cloud + algae,2.9
cloud + aquarium,1.2
cloud + archipelago,1.2
cloud + beach,1.2
cloud + blade,0.6
cloud + blender,0.6
cloud + clay,0.6
cloud + cloud,11.2
cloud + coal,0.6
cloud + day,1.8
cloud + dew,0.6
cloud + double rainbow!,0.6
cloud + dust,11.2
cloud + earth,11.8
cloud + earthquake,2.4
cloud + eclipse,0.6
cloud + fire,14.1
cloud + fireworks,0.6
cloud + garden,0.6
cloud + geyser,2.4
cloud + glass,0.6
cloud + gunpowder,2.4
cloud + horizon,2.4
cloud + hurricane,1.8
cloud + lava,7.1
cloud + mountain,0.6
cloud + obsidian,3.5
cloud + ocean,1.2
cloud + plant,2.9
cloud + sandstorm,0.6
cloud + sea,1.8
cloud + sky,11.8
cloud + stone,2.4
cloud + storm,4.7
cloud + sun,4.1
cloud + tobacco,1.8
cloud + water,27.1
cloud + wind,7.1
coal + air,1.2
coal + atomic bomb,0.6
coal + coal,2.4
coal + dew,0.6
coal + energy,1.8
coal + fire,3.5
coal + granite,0.6
coal + pressure,1.2
coal + rain,1.2
coal + steam,0.6
coal + village,0.6
coal + volcano,1.2
coal + wind,0.6
cold + cold,0.6
cold + earth,0.6
cold + life,0.6
cold + mountain,0.6
cold + swamp,0.6
cold + wizard,0.6
cotton + atomic bomb,0.6
cotton + cloud,2.4
cotton + cotton,1.2
cotton + hay,0.6
cotton + lava,1.2
cotton + paint,1.2
cotton + plant,1.2
cotton + rain,0.6
cotton + rainbow,0.6
cotton + storm,0.6
cotton + water,1.8
dam + dam,0.6
dam + lake,0.6
dam + sea,0.6
dam + windmill,0.6
day + blender,0.6
day + city,0.6
day + day,2.4
day + dust,0.6
day + gold,0.6
day + grass,0.6
day + horizon,0.6
day + lava,1.8
day + metal,0.6
day + pond,0.6
day + pressure,0.6
day + rain,1.2
day + steam,1.2
day + storm,0.6
day + village,0.6
desert + bullet,0.6
desert + desert,2.4
desert + dune,1.2
desert + earth,1.2
desert + fire,1.2
desert + flood,0.6
desert + rust,0.6
desert + sand,0.6
desert + sea,0.6
desert + stone,0.6
desert + tsunami,0.6
dew + algae,1.8
dew + atmosphere,0.6
dew + atomic bomb,0.6
dew + dew,2.4
dew + dust,1.8
dew + farmer,0.6
dew + fire,3.5
dew + night,0.6
dew + rain,1.8
dew + rainbow,0.6
dew + sky,0.6
dew + swamp,0.6
dew + volcano,0.6
diamond + air,0.6
diamond + algae,0.6
diamond + brick,0.6
diamond + city,0.6
diamond + coal,0.6
diamond + diamond,0.6
diamond + earth,0.6
diamond + earthquake,0.6
diamond + energy,0.6
diamond + fire,0.6
diamond + flood,0.6
diamond + geyser,0.6
diamond + house,0.6
diamond + lava,1.2
diamond + pressure,1.2
double rainbow! + archipelago,0.6
double rainbow! + atmosphere,0.6
double rainbow! + double rainbow!,1.2
double rainbow! + water,0.6
duck + energy,0.6
dune + beach,0.6
dune + boiler,0.6
dune + cloud,0.6
dune + dune,1.8
dune + dust,1.8
dune + earth,1.2
dune + earthquake,1.8
dune + electricity,1.2
dune + energy,1.8
dune + rust,0.6
dune + sand,1.2
dune + stone,1.2
dune + wind,2.9
dune + wire,0.6
dust + ash,4.7
dust + beach,1.8
dust + brick,11.2
dust + city,0.6
dust + clay,1.2
dust + cold,0.6
dust + cotton,0.6
dust + desert,1.8
dust + dust,20.0
dust + earth,24.1
dust + earthquake,11.2
dust + explosion,2.9
dust + fire,37.6
dust + flood,1.8
dust + fog,1.2
dust + granite,0.6
dust + hurricane,4.7
dust + life,0.6
dust + obsidian,6.5
dust + salt,2.9
dust + sand,1.2
dust + sandstorm,0.6
dust + sound,0.6
dust + stone,2.9
dust + tobacco,3.5
dust + village,0.6
dust + volcano,12.9
dust + water gun,0.6
dynamite + atomic bomb,0.6
dynamite + beach,0.6
dynamite + dust,0.6
dynamite + sand,0.6
dynamite + water,0.6
earth + algae,14.7
earth + aquarium,0.6
earth + archipelago,1.2
earth + ash,5.3
earth + atmosphere,7.6
earth + boiler,0.6
earth + bullet,1.8
earth + cactus,0.6
earth + clay,0.6
earth + coal,1.2
earth + cotton,1.2
earth + dew,3.5
earth + earth,31.2
earth + earthquake,16.5
earth + eclipse,0.6
earth + energy,44.1
earth + excalibur,0.6
earth + explosion,11.2
earth + fireworks,0.6
earth + flood,1.8
earth + fog,2.4
earth + geyser,11.8
earth + gold,0.6
earth + grass,10.6
earth + hay,0.6
earth + horizon,2.9
earth + house,2.4
earth + hurricane,12.9
earth + isle,3.5
earth + life,1.2
earth + metal,5.9
earth + oasis,0.6
earth + ocean,7.1
earth + paint,0.6
earth + plant,22.4
earth + rain,40.6
earth + river,3.5
earth + sky,7.6
earth + skyscraper,0.6
earth + sound,0.6
earth + steam,35.9
earth + stone,14.7
earth + sword,2.4
earth + tide,0.6
earth + tobacco,8.8
earth + tsunami,2.4
earth + wave,3.5
earth + wheat,0.6
earth + wind,20.6
earthquake + algae,3.5
earthquake + aquarium,0.6
earthquake + ash,3.5
earthquake + beach,0.6
earthquake + brick,5.9
earthquake + city,2.9
earthquake + cold,0.6
earthquake + dynamite,0.6
earthquake + earthquake,13.5
earthquake + electricity,3.5
earthquake + explosion,2.4
earthquake + fog,0.6
earthquake + geyser,5.9
earthquake + glasses,0.6
earthquake + grass,0.6
earthquake + hay,0.6
earthquake + hurricane,8.8
earthquake + isle,1.2
earthquake + lava,11.8
earthquake + life,0.6
earthquake + moss,0.6
earthquake + mountain,3.5
earthquake + mud,5.9
earthquake + obsidian,6.5
earthquake + ocean,4.7
earthquake + plant,0.6
earthquake + pressure,4.1
earthquake + rain,8.2
earthquake + rainbow,0.6
earthquake + sand,1.2
earthquake + sky,1.2
earthquake + sound,0.6
earthquake + steam,5.9
earthquake + stone,3.5
earthquake + storm,1.2
earthquake + sun,0.6
earthquake + village,1.2
earthquake + water,20.6
earthquake + wave,1.2
earthquake + wire,1.8
eclipse + eclipse,0.6
eclipse + ocean,0.6
eclipse + rain,0.6
eclipse + sky,0.6
electricity + air,2.4
electricity + ash,0.6
electricity + atomic bomb,0.6
electricity + beach,0.6
electricity + blender,1.8
electricity + boiler,1.2
electricity + brick,1.2
electricity + cloud,1.2
electricity + day,0.6
electricity + desert,0.6
electricity + dust,3.5
electricity + earth,2.9
electricity + electricity,4.7
electricity + flood,1.8
electricity + glass,1.2
electricity + grass,0.6
electricity + house,2.4
electricity + isle,0.6
electricity + light,0.6
electricity + light bulb,0.6
electricity + mud,0.6
electricity + oasis,0.6
electricity + obsidian,1.2
electricity + plant,0.6
electricity + pressure,1.8
electricity + pyramid,0.6
electricity + rainbow,0.6
electricity + rust,1.2
electricity + sand,0.6
electricity + sandstorm,0.6
electricity + scissors,1.2
electricity + storm,0.6
electricity + village,0.6
electricity + wave,0.6
electricity + wind,2.4
electricity + wire,5.9
energy + aquarium,0.6
energy + atmosphere,6.5
energy + atomic bomb,7.6
energy + blender,2.4
energy + boiler,1.8
energy + bullet,2.4
energy + cloud,14.1
energy + cold,0.6
energy + cotton,0.6
energy + dam,1.2
energy + day,1.8
energy + desert,1.2
energy + dew,2.4
energy + dust,26.5
energy + earthquake,28.2
energy + electricity,5.9
energy + energy,25.3
energy + excalibur,1.2
energy + farmer,0.6
energy + field,0.6
energy + flamethrower,0.6
energy + flood,7.1
energy + flower,1.2
energy + fog,2.4
energy + garden,1.8
energy + geyser,15.9
energy + glass,1.2
energy + grenade,0.6
energy + gun,1.2
energy + gunpowder,12.4
energy + human,1.2
energy + life,1.2
energy + mud,16.5
energy + obsidian,8.2
energy + ocean,6.5
energy + pressure,14.1
energy + rain,27.6
energy + rainbow,0.6
energy + river,3.5
energy + salt,2.4
energy + sand,2.9
energy + sandstorm,1.2
energy + sea,10.6
energy + sky,6.5
energy + sound,0.6
energy + steam,27.6
energy + stone,8.2
energy + sun,2.4
energy + sword,0.6
energy + tsunami,4.7
energy + wall,1.2
energy + wave,2.9
energy + wire,4.7
energy + wizard,1.2
excalibur + earthquake,0.6
excalibur + electricity,0.6
excalibur + excalibur,0.6
excalibur + garden,0.6
excalibur + metal,0.6
excalibur + rain,0.6
excalibur + rust,0.6
excalibur + water,0.6
excalibur + wind,0.6
excalibur + wire,0.6
explosion + air,6.5
explosion + ash,1.2
explosion + atmosphere,2.4
explosion + brick,1.2
explosion + bullet,1.2
explosion + city,1.2
explosion + cloud,1.2
explosion + coal,1.2
explosion + energy,12.4
explosion + explosion,5.9
explosion + fog,0.6
explosion + granite,0.6
explosion + gunpowder,4.7
explosion + hay,0.6
explosion + house,1.2
explosion + human,0.6
explosion + mud,2.4
explosion + obsidian,1.2
explosion + ocean,1.2
explosion + pressure,2.4
explosion + rain,2.4
explosion + rainbow,0.6
explosion + steam,2.9
explosion + sword,0.6
explosion + volcano,8.2
explosion + wind,2.4
farmer + algae,0.6
farmer + earth,0.6
farmer + human,0.6
farmer + wizard,0.6
field + algae,0.6
field + mud,0.6
fire + air,76.5
fire + aquarium,1.8
fire + archipelago,0.6
fire + atmosphere,7.6
fire + atomic bomb,7.1
fire + beach,3.5
fire + blade,4.1
fire + boiler,1.8
fire + brick,26.5
fire + cactus,0.6
fire + city,2.9
fire + cotton,1.8
fire + day,1.2
fire + dune,1.2
fire + earth,84.7
fire + earthquake,20.6
fire + electricity,1.8
fire + energy,45.9
fire + explosion,8.2
fire + fire,39.4
fire + flamethrower,0.6
fire + flood,1.8
fire + glass,4.7
fire + gun,1.2
fire + gunpowder,19.4
fire + hay,1.8
fire + house,4.7
fire + lava,31.8
fire + life,1.8
fire + light,0.6
fire + metal,10.0
fire + moss,1.8
fire + mud,42.9
fire + obsidian,20.0
fire + ocean,7.6
fire + plant,24.1
fire + pond,1.2
fire + pressure,14.1
fire + rain,38.2
fire + rust,0.6
fire + sand,6.5
fire + sandstorm,1.2
fire + skyscraper,0.6
fire + sound,0.6
fire + steam,39.4
fire + stone,18.2
fire + swamp,8.8
fire + sword,2.9
fire + water gun,0.6
fire + wind,26.5
fire + wire,3.5
fireman + cold,0.6
fireman + earthquake,0.6
fireman + energy,0.6
fireman + explosion,0.6
fireman + fire,0.6
fireman + fireman,0.6
fireman + geyser,0.6
fireman + human,0.6
fireman + swamp,0.6
fireman + waterfall,0.6
fireworks + dust,0.6
fireworks + explosion,0.6
fireworks + fire,0.6
fireworks + gunpowder,0.6
fireworks + lava,0.6
fireworks + water,0.6
flamethrower + blade,0.6
flood + air,1.2
flood + atmosphere,1.8
flood + atomic bomb,0.6
flood + city,4.1
flood + cloud,0.6
flood + earthquake,5.9
flood + explosion,1.2
flood + flood,14.1
flood + garden,2.4
flood + granite,0.6
flood + isle,2.4
flood + obsidian,0.6
flood + plant,1.2
flood + pond,0.6
flood + rain,3.5
flood + sea,1.8
flood + sky,0.6
flood + steam,1.2
flood + storm,0.6
flood + tsunami,1.2
flood + village,2.4
flood + wind,1.8
flower + air,1.2
flower + bacteria,0.6
flower + brick,0.6
flower + cloud,1.2
flower + earth,1.8
flower + explosion,0.6
flower + fire,2.4
flower + flower,2.4
flower + geyser,1.2
flower + moss,0.6
flower + mud,1.2
flower + obsidian,0.6
flower + pond,0.6
flower + rain,1.8
flower + scissors,0.6
flower + steam,0.6
flower + village,0.6
flower + volcano,0.6
flower + water,2.4
flower + wind,1.2
fog + air,3.5
fog + atmosphere,0.6
fog + brick,0.6
fog + cloud,4.1
fog + fire,2.9
fog + fog,2.4
fog + granite,0.6
fog + plant,1.2
fog + pressure,0.6
fog + sand,0.6
fog + sea,1.2
fog + steam,2.4
fog + tobacco,1.2
fog + wave,0.6
garden + air,3.5
garden + archipelago,0.6
garden + barn,0.6
garden + city,0.6
garden + day,0.6
garden + diamond,0.6
garden + dust,0.6
garden + earth,3.5
garden + fire,3.5
garden + flower,4.1
garden + fog,0.6
garden + garden,8.2
garden + grass,7.1
garden + house,2.9
garden + hurricane,0.6
garden + moss,0.6
garden + mud,1.8
garden + ocean,1.2
garden + plant,5.3
garden + pond,1.2
garden + salt,0.6
garden + skyscraper,0.6
garden + village,0.6
garden + volcano,1.2
garden + water,6.5
garden + wave,0.6
garden + wind,0.6
geyser + aquarium,0.6
geyser + atmosphere,1.2
geyser + atomic bomb,1.8
geyser + blade,1.8
geyser + blender,0.6
geyser + brick,5.9
geyser + clay,1.2
geyser + cotton,0.6
geyser + dune,1.2
geyser + dust,5.9
geyser + electricity,1.8
geyser + excalibur,0.6
geyser + explosion,2.9
geyser + fire,18.8
geyser + fireworks,0.6
geyser + flood,1.8
geyser + fog,0.6
geyser + garden,1.2
geyser + geyser,10.0
geyser + granite,0.6
geyser + grass,4.1
geyser + greenhouse,0.6
geyser + gunpowder,5.9
geyser + lava,13.5
geyser + pressure,3.5
geyser + rainbow,0.6
geyser + sand,0.6
geyser + sandstone,0.6
geyser + sandstorm,0.6
geyser + sea,1.8
geyser + steam,12.9
geyser + sun,0.6
geyser + swamp,2.4
geyser + sword,0.6
geyser + tobacco,2.4
geyser + tsunami,0.6
geyser + village,1.2
geyser + volcano,7.1
geyser + wall,0.6
geyser + water,12.4
geyser + wave,0.6
geyser + wheat,0.6
geyser + wind,6.5
geyser + wire,0.6
glass + air,2.4
glass + ash,0.6
glass + boiler,0.6
glass + cactus,0.6
glass + earth,2.4
glass + flood,0.6
glass + glass,2.4
glass + glasses,0.6
glass + rain,0.6
glass + rust,0.6
glass + sand,1.8
glass + steam,1.8
glass + sun,0.6
glass + water,5.3
glass + wind,0.6
glasses + atmosphere,0.6
glasses + electricity,0.6
glasses + fire,0.6
glasses + glasses,1.8
glasses + light,0.6
glasses + sun,1.2
gold + gold,0.6
gold + ocean,0.6
gold + rain,0.6
gold + sea,0.6
gold + skyscraper,0.6
gold + volcano,0.6
gold + water,0.6
granite + air,2.4
granite + atmosphere,1.2
granite + city,0.6
granite + cloud,0.6
granite + earth,2.4
granite + electricity,0.6
granite + energy,1.8
granite + fire,2.9
granite + granite,2.4
granite + grass,0.6
granite + house,0.6
granite + hurricane,0.6
granite + isle,0.6
granite + metal,0.6
granite + mud,2.4
granite + ocean,0.6
granite + pond,0.6
granite + pressure,2.4
granite + sea,1.8
granite + steam,1.2
granite + stone,0.6
granite + village,0.6
granite + volcano,0.6
granite + wall,0.6
grass + algae,3.5
grass + bacteria,0.6
grass + barn,0.6
grass + blade,1.2
grass + city,0.6
grass + cloud,0.6
grass + dew,2.9
grass + dust,1.8
grass + energy,6.5
grass + explosion,1.8
grass + fire,7.6
grass + flower,2.9
grass + fog,1.2
grass + grass,7.1
grass + grenade,0.6
grass + lake,0.6
grass + mountain,1.2
grass + obsidian,0.6
grass + plant,9.4
grass + rain,6.5
grass + rainbow,1.2
grass + river,0.6
grass + salt,0.6
grass + scythe,1.2
grass + stone,1.8
grass + storm,0.6
grass + swamp,1.2
grass + tobacco,1.8
grass + village,0.6
grass + volcano,1.8
grass + water,8.8
grass + wheat,0.6
grass + wind,2.4
greenhouse + cactus,0.6
greenhouse + earthquake,0.6
greenhouse + energy,0.6
greenhouse + volcano,0.6
grenade + atomic bomb,0.6
grenade + boiler,0.6
grenade + bullet,0.6
grenade + dust,0.6
grenade + earth,0.6
grenade + electricity,0.6
grenade + explosion,1.8
grenade + fire,0.6
grenade + grenade,1.2
grenade + metal,1.8
grenade + stone,0.6
grenade + water,0.6
grenade + water gun,0.6
gun + air,0.6
gun + ash,1.2
gun + atomic bomb,1.2
gun + bayonet,0.6
gun + blender,0.6
gun + bullet,3.5
gun + dynamite,0.6
gun + earth,1.8
gun + explosion,0.6
gun + glass,0.6
gun + grenade,1.8
gun + gun,1.2
gun + scythe,0.6
gun + stone,1.2
gun + sword,1.2
gun + water,1.2
gunpowder + archipelago,0.6
gunpowder + ash,4.1
gunpowder + atmosphere,2.4
gunpowder + brick,4.1
gunpowder + bullet,0.6
gunpowder + coal,1.2
gunpowder + cotton,0.6
gunpowder + dew,0.6
gunpowder + dust,17.1
gunpowder + earth,10.0
gunpowder + earthquake,2.4
gunpowder + flood,0.6
gunpowder + flower,0.6
gunpowder + fog,0.6
gunpowder + glass,0.6
gunpowder + granite,0.6
gunpowder + grass,1.8
gunpowder + gun,2.4
gunpowder + gunpowder,12.4
gunpowder + house,0.6
gunpowder + hurricane,2.4
gunpowder + lava,14.1
gunpowder + metal,5.3
gunpowder + mountain,0.6
gunpowder + mud,4.7
gunpowder + ocean,0.6
gunpowder + plant,1.2
gunpowder + pond,0.6
gunpowder + rain,6.5
gunpowder + salt,1.2
gunpowder + sea,2.4
gunpowder + steam,4.1
gunpowder + storm,1.2
gunpowder + sun,1.2
gunpowder + tobacco,2.4
gunpowder + tsunami,0.6
gunpowder + volcano,4.1
gunpowder + wall,1.8
gunpowder + water,17.6
gunpowder + wave,1.2
gunpowder + wind,3.5
hay + air,1.2
hay + dust,1.2
hay + energy,1.2
hay + hay,0.6
hay + hay bale,0.6
hay + horizon,1.2
hay + needle,0.6
hay + pressure,0.6
hay + sun,1.2
hay + wind,0.6
horizon + atmosphere,1.2
horizon + brick,1.2
horizon + dust,0.6
horizon + earthquake,0.6
horizon + eclipse,0.6
horizon + energy,4.1
horizon + fire,1.8
horizon + fog,1.2
horizon + geyser,0.6
horizon + glasses,0.6
horizon + gunpowder,0.6
horizon + horizon,2.4
horizon + lava,1.2
horizon + mud,1.2
horizon + obsidian,0.6
horizon + ocean,1.2
horizon + pressure,1.8
horizon + rain,1.2
horizon + sea,1.8
horizon + sky,3.5
horizon + skyscraper,0.6
horizon + sun,1.2
horizon + tobacco,0.6
horizon + water,4.7
horizon + waterfall,0.6
hourglass + day,0.6
hourglass + electricity,0.6
hourglass + energy,0.6
hourglass + hourglass,1.8
hourglass + pressure,0.6
house + beach,0.6
house + boiler,0.6
house + earthquake,1.2
house + energy,5.3
house + flood,2.4
house + geyser,0.6
house + glass,1.2
house + grass,1.2
house + hay,0.6
house + house,12.9
house + hurricane,1.8
house + isle,2.9
house + plant,1.8
house + pond,0.6
house + pressure,2.4
house + salt,1.2
house + sea,1.2
house + skyscraper,0.6
house + sound,0.6
house + swamp,0.6
house + tsunami,0.6
house + village,2.4
house + wall,5.3
house + wave,1.2
house + wire,1.2
human + allergy,0.6
human + cold,0.6
human + dust,0.6
human + earthquake,1.2
human + fire,0.6
human + geyser,0.6
human + gunpowder,0.6
human + human,0.6
human + lava,0.6
human + plankton,0.6
human + plant,0.6
human + rain,0.6
human + wizard,1.2
hurricane + air,11.2
hurricane + algae,1.8
hurricane + atomic bomb,1.2
hurricane + bacteria,0.6
hurricane + beach,0.6
hurricane + city,1.8
hurricane + dune,0.6
hurricane + electricity,1.2
hurricane + energy,15.9
hurricane + explosion,1.2
hurricane + fire,14.7
hurricane + flood,1.8
hurricane + flower,1.2
hurricane + geyser,4.7
hurricane + grass,1.2
hurricane + human,0.6
hurricane + hurricane,10.0
hurricane + obsidian,4.7
hurricane + plant,1.2
hurricane + rainbow,0.6
hurricane + salt,1.2
hurricane + sandstorm,1.2
hurricane + sky,0.6
hurricane + sound,0.6
hurricane + stone,2.4
hurricane + storm,1.8
hurricane + swamp,0.6
hurricane + tobacco,0.6
hurricane + tsunami,1.2
hurricane + wave,0.6
hurricane + windmill,0.6
isle + brick,1.2
isle + city,1.2
isle + cotton,0.6
isle + dust,0.6
isle + energy,2.4
isle + fire,4.7
isle + garden,0.6
isle + geyser,0.6
isle + glasses,0.6
isle + grass,2.4
isle + gunpowder,0.6
isle + hurricane,0.6
isle + isle,5.3
isle + lava,2.9
isle + mountain range,0.6
isle + mud,0.6
isle + night,0.6
isle + obsidian,0.6
isle + plant,1.8
isle + pressure,1.2
isle + rain,1.8
isle + salt,0.6
isle + tsunami,0.6
isle + village,0.6
isle + volcano,2.9
isle + wall,0.6
isle + wave,0.6
lake + algae,0.6
lake + earth,0.6
lake + energy,0.6
lake + fire,1.2
lake + garden,1.2
lake + isle,0.6
lake + lake,1.2
lake + lava,1.2
lake + mountain,0.6
lake + pond,1.2
lake + rain,1.2
lake + volcano,0.6
lava + air,37.1
lava + ash,3.5
lava + bacteria,0.6
lava + blade,2.4
lava + blender,0.6
lava + brick,11.8
lava + city,1.2
lava + coal,1.2
lava + dune,1.2
lava + dust,17.6
lava + earth,40.6
lava + electricity,1.8
lava + energy,27.6
lava + explosion,2.4
lava + flood,1.8
lava + flower,0.6
lava + fog,1.8
lava + garden,0.6
lava + glass,0.6
lava + granite,2.4
lava + grass,3.5
lava + grenade,0.6
lava + gun,1.8
lava + house,2.4
lava + hurricane,7.6
lava + lava,18.8
lava + mud,27.1
lava + ocean,4.7
lava + plant,8.2
lava + pressure,6.5
lava + rain,26.5
lava + river,1.8
lava + salt,1.2
lava + sandstone,1.2
lava + sea,9.4
lava + sky,2.4
lava + sun,1.2
lava + sword,1.2
lava + tsunami,1.2
lava + water,50.0
lava + wind,11.2
life + air,1.2
life + allergy,0.6
life + atomic bomb,0.6
life + brick,0.6
life + dew,0.6
life + field,0.6
life + fireman,0.6
life + flower,0.6
life + grass,0.6
life + human,1.2
life + hurricane,0.6
life + lava,0.6
life + life,0.6
life + obsidian,0.6
life + plankton,1.2
life + plant,1.2
life + rain,1.2
light + blender,0.6
light + energy,0.6
light + hourglass,0.6
light + light,0.6
light + light bulb,0.6
light + metal,0.6
light + stone,0.6
light + water,0.6
light bulb + aquarium,0.6
light bulb + earth,0.6
light bulb + energy,0.6
light bulb + light bulb,0.6
light bulb + wire,0.6
lightsaber + metal,0.6
lightsaber + sword,0.6
lightsaber + wind,0.6
love + love,0.6
metal + air,4.7
metal + beach,2.4
metal + blade,4.1
metal + blender,0.6
metal + brick,2.9
metal + clay,0.6
metal + dust,2.4
metal + dynamite,0.6
metal + earthquake,1.8
metal + electricity,7.1
metal + energy,10.0
metal + explosion,2.4
metal + geyser,2.4
metal + glass,1.8
metal + glasses,0.6
metal + grass,0.6
metal + gun,2.4
metal + hay,0.6
metal + house,1.8
metal + hurricane,0.6
metal + isle,0.6
metal + lava,11.2
metal + metal,5.9
metal + moss,0.6
metal + mud,2.4
metal + needle,0.6
metal + obsidian,4.7
metal + ocean,1.8
metal + pressure,2.4
metal + pyramid,0.6
metal + rain,4.1
metal + rust,2.4
metal + sea,1.8
metal + steam,3.5
metal + stone,7.6
metal + sun,1.2
metal + sword,1.8
metal + tsunami,0.6
metal + volcano,4.1
metal + wall,1.8
metal + wave,0.6
metal + wire,5.9
moon + cloud,0.6
moon + dew,0.6
moon + eclipse,0.6
moon + fire,0.6
moon + gold,0.6
moon + horizon,0.6
moon + moon,0.6
moon + sea,0.6
moon + storm,0.6
moon + swamp,0.6
moss + air,1.2
moss + atmosphere,0.6
moss + dust,1.2
moss + energy,0.6
moss + granite,0.6
moss + lava,1.8
moss + moss,1.2
moss + mud,1.2
moss + obsidian,1.2
moss + plant,0.6
moss + rain,0.6
moss + steam,0.6
moss + stone,1.2
moss + swamp,0.6
moss + tobacco,0.6
mountain + air,6.5
mountain + algae,1.8
mountain + ash,0.6
mountain + atomic bomb,1.2
mountain + dust,1.8
mountain + earth,8.2
mountain + energy,5.3
mountain + explosion,0.6
mountain + farmer,0.6
mountain + fire,6.5
mountain + fog,0.6
mountain + geyser,2.9
mountain + human,0.6
mountain + lava,7.6
mountain + life,1.2
mountain + mountain,5.3
mountain + mud,5.3
mountain + ocean,1.2
mountain + plant,2.4
mountain + pond,0.6
mountain + pressure,0.6
mountain + salt,0.6
mountain + sea,0.6
mountain + steam,1.2
mountain + stone,1.2
mountain + storm,0.6
mountain + tobacco,0.6
mountain + tsunami,1.2
mountain + volcano,2.9
mountain + water,6.5
mountain range + earth,1.8
mountain range + earthquake,1.2
mountain range + energy,0.6
mountain range + mountain,1.8
mountain range + mountain range,3.5
mountain range + ocean,1.2
mountain range + rain,1.2
mountain range + river,1.2
mountain range + tsunami,0.6
mountain range + wall,0.6
mountain range + waterfall,0.6
mountain range + wind,0.6
mud + algae,6.5
mud + aquarium,1.2
mud + atmosphere,1.2
mud + bacteria,0.6
mud + beach,1.2
mud + brick,13.5
mud + city,0.6
mud + cloud,3.5
mud + day,0.6
mud + dew,0.6
mud + dune,0.6
mud + dust,15.3
mud + earth,25.9
mud + farmer,0.6
mud + flood,1.8
mud + geyser,8.8
mud + glass,0.6
mud + grass,5.9
mud + house,1.2
mud + hurricane,6.5
mud + life,0.6
mud + mud,20.0
mud + obsidian,15.3
mud + plant,13.5
mud + pressure,6.5
mud + rain,25.9
mud + river,1.8
mud + salt,1.2
mud + sandstone,0.6
mud + sandstorm,0.6
mud + scissors,0.6
mud + sky,0.6
mud + stone,3.5
mud + sun,2.4
mud + swamp,3.5
mud + volcano,6.5
mud + waterfall,0.6
mud + wave,1.2
mud + wire,0.6
night + earth,0.6
night + fire,0.6
night + moon,0.6
night + water,0.6
oasis + fire,0.6
oasis + lava,0.6
oasis + oasis,1.8
oasis + water,1.2
obsidian + atmosphere,2.4
obsidian + brick,8.8
obsidian + city,0.6
obsidian + dune,0.6
obsidian + earth,20.6
obsidian + garden,0.6
obsidian + geyser,5.9
obsidian + glass,1.2
obsidian + gold,0.6
obsidian + granite,1.2
obsidian + gunpowder,4.1
obsidian + lava,18.8
obsidian + mountain,1.2
obsidian + obsidian,16.5
obsidian + plant,5.3
obsidian + pressure,5.9
obsidian + sea,2.9
obsidian + sky,0.6
obsidian + steam,10.6
obsidian + stone,6.5
obsidian + storm,1.2
obsidian + swamp,0.6
obsidian + sword,0.6
obsidian + tsunami,0.6
obsidian + volcano,8.2
obsidian + wall,0.6
obsidian + water,22.9
obsidian + waterfall,0.6
obsidian + wave,1.8
obsidian + wind,6.5
ocean + aquarium,0.6
ocean + archipelago,2.4
ocean + atmosphere,3.5
ocean + atomic bomb,0.6
ocean + dune,0.6
ocean + dust,1.2
ocean + electricity,1.8
ocean + flood,2.9
ocean + fog,0.6
ocean + geyser,0.6
ocean + house,1.2
ocean + hurricane,1.2
ocean + isle,1.2
ocean + mud,4.7
ocean + night,0.6
ocean + oasis,0.6
ocean + obsidian,2.9
ocean + ocean,14.7
ocean + river,1.2
ocean + salt,4.1
ocean + sand,0.6
ocean + sea,4.7
ocean + tide,0.6
ocean + tsunami,1.8
ocean + volcano,4.7
ocean + water,6.5
ocean + wind,2.9
paint + atomic bomb,0.6
paint + brick,0.6
paint + energy,0.6
paint + fire,1.2
paint + water,0.6
plankton + mountain,0.6
plankton + ocean,0.6
plankton + plankton,0.6
plankton + plant,0.6
plankton + swamp,0.6
plankton + tobacco,0.6
plant + aquarium,0.6
plant + ash,1.2
plant + beach,0.6
plant + blade,1.2
plant + brick,2.4
plant + city,0.6
plant + day,1.2
plant + dew,1.2
plant + dune,0.6
plant + dust,3.5
plant + energy,10.6
plant + explosion,1.8
plant + farmer,0.6
plant + flower,2.4
plant + geyser,2.4
plant + glass,0.6
plant + horizon,1.2
plant + moon,0.6
plant + oasis,0.6
plant + ocean,2.4
plant + plant,10.6
plant + pressure,4.1
plant + rain,23.5
plant + rainbow,0.6
plant + salt,1.2
plant + scissors,0.6
plant + steam,6.5
plant + stone,1.8
plant + storm,1.8
plant + sun,2.4
plant + swamp,7.1
plant + volcano,3.5
plant + water,23.5
plant + windmill,0.6
plant + wizard,0.6
pond + algae,1.8
pond + ash,0.6
pond + earth,1.2
pond + energy,1.8
pond + grass,0.6
pond + mud,1.2
pond + plant,2.4
pond + pond,3.5
pond + rain,0.6
pond + salt,1.2
pond + sky,1.2
pond + sun,0.6
pond + tide,0.6
pond + water,1.8
pond + wind,0.6
pressure + aquarium,0.6
pressure + atmosphere,7.1
pressure + atomic bomb,1.2
pressure + beach,1.2
pressure + city,4.1
pressure + cloud,3.5
pressure + dew,1.2
pressure + double rainbow!,0.6
pressure + dust,3.5
pressure + earth,11.8
pressure + flood,2.9
pressure + gunpowder,2.9
pressure + hurricane,1.2
pressure + ocean,6.5
pressure + pond,0.6
pressure + pressure,21.8
pressure + rain,13.5
pressure + rainbow,1.2
pressure + river,0.6
pressure + rust,1.2
pressure + sand,0.6
pressure + sound,1.2
pressure + storm,0.6
pressure + tsunami,2.9
pressure + village,0.6
pressure + wall,3.5
pressure + wave,2.4
pressure + windmill,1.2
pressure + wire,1.8
pyramid + glass,0.6
rain + algae,8.2
rain + atmosphere,3.5
rain + atomic bomb,2.4
rain + beach,2.4
rain + blade,0.6
rain + boiler,0.6
rain + brick,8.8
rain + bullet,0.6
rain + cactus,0.6
rain + clay,0.6
rain + cloud,15.9
rain + desert,0.6
rain + double rainbow!,0.6
rain + duck,0.6
rain + dune,1.2
rain + dust,13.5
rain + dynamite,0.6
rain + electricity,2.9
rain + field,0.6
rain + fog,0.6
rain + garden,4.7
rain + geyser,5.9
rain + hay,0.6
rain + house,1.2
rain + hurricane,10.0
rain + mountain,4.1
rain + night,0.6
rain + obsidian,7.6
rain + ocean,5.3
rain + rain,21.2
rain + rust,1.2
rain + sand,4.7
rain + sandstone,0.6
rain + sea,7.6
rain + sky,11.8
rain + steam,30.6
rain + storm,7.1
rain + sun,4.7
rain + swamp,9.4
rain + village,0.6
rain + volcano,14.1
rain + waterfall,0.6
rain + wind,21.2
rainbow + air,2.4
rainbow + atmosphere,0.6
rainbow + cloud,2.4
rainbow + day,0.6
rainbow + earth,1.8
rainbow + fire,1.8
rainbow + lava,1.2
rainbow + obsidian,0.6
rainbow + paint,1.2
rainbow + pond,0.6
rainbow + rain,2.9
rainbow + rainbow,1.2
rainbow + sky,3.5
rainbow + storm,0.6
rainbow + sun,1.2
rainbow + water,1.2
river + air,2.4
river + algae,2.4
river + allergy,0.6
river + atomic bomb,0.6
river + cloud,0.6
river + dam,0.6
river + dust,0.6
river + earthquake,2.4
river + field,0.6
river + fire,4.7
river + flood,0.6
river + geyser,1.2
river + isle,0.6
river + life,0.6
river + mountain,2.4
river + obsidian,1.8
river + plankton,0.6
river + plant,1.8
river + rain,3.5
river + river,3.5
river + salt,1.2
river + steam,2.9
river + storm,0.6
river + swamp,1.2
river + water,4.1
river + wheat,0.6
river + wind,0.6
rust + algae,0.6
rust + blender,0.6
rust + boiler,0.6
rust + earth,1.2
rust + energy,0.6
rust + geyser,0.6
rust + hurricane,0.6
rust + rust,2.4
rust + salt,1.2
rust + sun,0.6
rust + sword,0.6
rust + wall,0.6
rust + wire,0.6
salt + air,2.9
salt + aquarium,1.2
salt + atmosphere,0.6
salt + cloud,0.6
salt + cotton,0.6
salt + desert,0.6
salt + dew,1.2
salt + earth,7.1
salt + earthquake,1.2
salt + electricity,1.8
salt + fire,6.5
salt + flood,1.2
salt + flower,0.6
salt + fog,0.6
salt + geyser,1.2
salt + glass,1.8
salt + granite,1.2
salt + metal,1.8
salt + obsidian,0.6
salt + pressure,4.1
salt + rain,5.9
salt + salt,9.4
salt + sand,0.6
salt + stone,1.2
salt + storm,0.6
salt + tsunami,1.8
salt + volcano,1.2
salt + wind,1.8
salt + windmill,0.6
sand + algae,1.2
sand + aquarium,0.6
sand + ash,1.8
sand + atmosphere,0.6
sand + blender,0.6
sand + bullet,0.6
sand + clay,1.2
sand + earth,1.2
sand + hurricane,1.2
sand + lava,2.9
sand + metal,1.8
sand + mud,2.4
sand + obsidian,1.8
sand + plant,1.2
sand + sand,3.5
sand + scythe,0.6
sand + sea,2.4
sand + sky,0.6
sand + steam,1.8
sand + sword,0.6
sand + wind,4.7
sandstone + blade,0.6
sandstone + blender,0.6
sandstone + brick,1.2
sandstone + desert,0.6
sandstone + dune,0.6
sandstone + dust,0.6
sandstone + earth,1.8
sandstone + electricity,1.2
sandstone + energy,1.2
sandstone + fire,2.4
sandstone + house,0.6
sandstone + metal,2.4
sandstone + salt,0.6
sandstone + sandstone,1.2
sandstone + stone,1.2
sandstone + water,2.9
sandstone + wire,0.6
sandstorm + air,0.6
sandstorm + beach,0.6
sandstorm + blender,0.6
sandstorm + lava,0.6
sandstorm + ocean,0.6
sandstorm + rain,1.8
sandstorm + stone,0.6
sandstorm + volcano,0.6
sandstorm + wind,1.2
scissors + energy,1.2
scissors + garden,1.8
scissors + grass,1.8
scissors + metal,1.2
scissors + moss,0.6
scissors + scissors,3.5
scissors + sword,0.6
scissors + water,0.6
scythe + atomic bomb,0.6
scythe + blade,0.6
scythe + boiler,0.6
scythe + scythe,0.6
sea + air,8.2
sea + aquarium,1.2
sea + archipelago,0.6
sea + ash,1.8
sea + dust,4.1
sea + earth,8.8
sea + earthquake,3.5
sea + electricity,1.8
sea + explosion,1.8
sea + fire,14.7
sea + grass,0.6
sea + hurricane,1.8
sea + isle,1.2
sea + light,0.6
sea + mud,4.7
sea + night,0.6
sea + plant,2.4
sea + pond,0.6
sea + pressure,11.2
sea + river,1.8
sea + salt,8.2
sea + sea,18.2
sea + sky,4.1
sea + steam,11.2
sea + sun,1.2
sea + tsunami,1.8
sea + village,1.8
sea + volcano,4.1
sea + wave,0.6
sea + wire,1.2
sky + air,6.5
sky + atomic bomb,0.6
sky + beach,0.6
sky + city,0.6
sky + day,3.5
sky + double rainbow!,0.6
sky + dust,1.2
sky + electricity,0.6
sky + explosion,0.6
sky + fire,8.2
sky + fog,1.2
sky + geyser,0.6
sky + house,0.6
sky + metal,0.6
sky + moon,0.6
sky + plant,1.8
sky + pressure,4.1
sky + salt,1.2
sky + sandstorm,0.6
sky + sky,5.3
sky + sound,0.6
sky + steam,8.8
sky + stone,0.6
sky + storm,3.5
sky + sun,4.7
sky + volcano,1.8
sky + water,11.2
sky + wind,2.9
skyscraper + air,0.6
skyscraper + plant,0.6
skyscraper + sky,0.6
skyscraper + skyscraper,0.6
skyscraper + storm,0.6
sound + air,0.6
sound + city,0.6
sound + cloud,0.6
sound + gunpowder,0.6
sound + isle,0.6
sound + salt,0.6
sound + sea,0.6
sound + sound,0.6
sound + steam,1.2
sound + storm,0.6
sound + village,0.6
sound + wave,1.2
sound + wind,1.2
steam + ash,2.9
steam + beach,1.2
steam + blade,1.2
steam + boiler,1.2
steam + cloud,10.6
steam + cotton,0.6
steam + desert,0.6
steam + dew,2.9
steam + dust,13.5
steam + electricity,3.5
steam + excalibur,0.6
steam + fireworks,0.6
steam + grass,3.5
steam + horizon,1.2
steam + house,0.6
steam + hurricane,5.9
steam + isle,0.6
steam + lava,16.5
steam + light,0.6
steam + mud,20.0
steam + ocean,1.8
steam + pressure,11.2
steam + rainbow,0.6
steam + rust,0.6
steam + salt,1.8
steam + sandstone,1.2
steam + steam,27.1
steam + storm,3.5
steam + tobacco,5.9
steam + tsunami,0.6
steam + volcano,18.2
steam + wall,0.6
stone + aquarium,0.6
stone + blender,0.6
stone + cactus,0.6
stone + clay,1.2
stone + electricity,2.9
stone + explosion,2.4
stone + garden,0.6
stone + geyser,5.3
stone + glass,0.6
stone + gold,0.6
stone + gunpowder,2.4
stone + horizon,0.6
stone + isle,0.6
stone + lava,14.7
stone + ocean,1.8
stone + pressure,2.9
stone + rain,8.2
stone + rust,1.8
stone + sand,2.9
stone + scissors,0.6
stone + sea,3.5
stone + steam,9.4
stone + stone,8.8
stone + storm,1.8
stone + swamp,1.8
stone + sword,2.9
stone + tobacco,2.4
stone + tsunami,0.6
stone + wind,7.1
stone + wire,3.5
storm + air,4.7
storm + archipelago,0.6
storm + ash,0.6
storm + blade,1.2
storm + blender,0.6
storm + brick,0.6
storm + cactus,0.6
storm + dust,2.9
storm + earth,5.9
storm + energy,6.5
storm + explosion,1.2
storm + fire,3.5
storm + fog,1.8
storm + horizon,2.4
storm + lava,2.4
storm + metal,0.6
storm + mud,1.8
storm + scissors,0.6
storm + sea,2.4
storm + storm,4.7
storm + sun,1.8
storm + tobacco,1.8
storm + village,0.6
storm + water,8.2
storm + wind,3.5
sun + algae,1.2
sun + atmosphere,0.6
sun + brick,1.8
sun + city,0.6
sun + cotton,1.2
sun + day,3.5
sun + dew,1.2
sun + double rainbow!,0.6
sun + dust,0.6
sun + earth,2.9
sun + explosion,0.6
sun + fire,3.5
sun + garden,0.6
sun + grass,1.8
sun + hurricane,0.6
sun + moon,0.6
sun + obsidian,0.6
sun + paint,1.2
sun + pressure,0.6
sun + steam,4.1
sun + stone,2.9
sun + sun,2.4
sun + swamp,1.2
sun + sword,0.6
sun + tobacco,0.6
sun + water,5.3
sun + wind,1.2
sunglasses + glasses,0.6
sunglasses + sunglasses,0.6
swamp + algae,4.7
swamp + allergy,0.6
swamp + archipelago,0.6
swamp + bacteria,0.6
swamp + coal,0.6
swamp + duck,0.6
swamp + dune,0.6
swamp + dust,3.5
swamp + earth,4.1
swamp + earthquake,2.4
swamp + energy,2.4
swamp + flower,1.8
swamp + fog,0.6
swamp + garden,1.2
swamp + human,0.6
swamp + isle,0.6
swamp + lava,1.2
swamp + life,0.6
swamp + metal,0.6
swamp + sea,1.2
swamp + sky,0.6
swamp + steam,2.4
swamp + storm,0.6
swamp + swamp,1.8
swamp + tobacco,2.9
swamp + village,0.6
swamp + wizard,0.6
sword + air,1.8
sword + blade,0.6
sword + excalibur,0.6
sword + hurricane,0.6
sword + mud,0.6
sword + rainbow,0.6
sword + sandstone,0.6
sword + scythe,0.6
sword + sword,1.2
sword + volcano,1.2
sword + wind,0.6
tide + city,0.6
tide + eclipse,0.6
tide + moon,0.6
tide + plant,0.6
tide + sea,0.6
tide + storm,0.6
tide + tide,0.6
tobacco + algae,5.3
tobacco + ash,1.8
tobacco + blade,1.2
tobacco + coal,1.2
tobacco + cotton,1.2
tobacco + dew,0.6
tobacco + earthquake,1.8
tobacco + energy,8.2
tobacco + fire,14.1
tobacco + flower,0.6
tobacco + garden,2.4
tobacco + glass,0.6
tobacco + lava,1.2
tobacco + mud,2.9
tobacco + obsidian,0.6
tobacco + ocean,0.6
tobacco + plant,5.3
tobacco + rain,5.3
tobacco + salt,1.2
tobacco + scythe,0.6
tobacco + sea,1.8
tobacco + sky,1.2
tobacco + tobacco,5.9
tobacco + volcano,2.9
tobacco + wind,7.1
tsunami + algae,1.2
tsunami + archipelago,0.6
tsunami + dust,0.6
tsunami + earthquake,1.8
tsunami + electricity,1.2
tsunami + explosion,0.6
tsunami + fire,2.4
tsunami + rain,0.6
tsunami + swamp,0.6
tsunami + tsunami,5.3
tsunami + volcano,1.8
tsunami + water,2.4
tsunami + wave,0.6
tsunami + wind,1.8
tsunami + wire,0.6
village + atmosphere,0.6
village + brick,1.2
village + city,5.3
village + earth,1.2
village + energy,2.9
village + fire,0.6
village + gunpowder,0.6
village + mud,0.6
village + ocean,0.6
village + steam,1.2
village + sun,0.6
village + tsunami,0.6
village + village,12.4
village + volcano,1.2
village + wall,4.1
village + water,3.5
village + wind,1.8
village + windmill,0.6
village + wire,0.6
volcano + archipelago,1.8
volcano + ash,5.3
volcano + atmosphere,1.8
volcano + brick,5.9
volcano + city,0.6
volcano + cloud,4.1
volcano + day,0.6
volcano + dune,0.6
volcano + earth,19.4
volcano + earthquake,8.2
volcano + energy,17.6
volcano + fire,17.1
volcano + flood,3.5
volcano + fog,0.6
volcano + human,0.6
volcano + hurricane,4.1
volcano + lava,14.1
volcano + moss,0.6
volcano + pressure,5.9
volcano + rainbow,0.6
volcano + river,2.4
volcano + rust,0.6
volcano + sand,1.8
volcano + stone,8.8
volcano + storm,2.4
volcano + sun,1.8
volcano + swamp,1.2
volcano + volcano,12.4
volcano + waterfall,0.6
volcano + wire,0.6
volcano + wizard,0.6
wall + air,0.6
wall + cloud,0.6
wall + coal,1.2
wall + dust,1.2
wall + earth,2.4
wall + earthquake,1.2
wall + fire,4.7
wall + lava,2.4
wall + ocean,1.2
wall + rain,0.6
wall + river,1.2
wall + sea,0.6
wall + skyscraper,0.6
wall + sun,0.6
wall + tsunami,1.2
wall + volcano,1.8
wall + wall,13.5
wall + water,3.5
wall + wind,2.9
water + air,77.1
water + aquarium,2.4
water + archipelago,1.2
water + atomic bomb,5.9
water + bacteria,0.6
water + beach,1.8
water + bird,0.6
water + blender,1.8
water + boiler,2.4
water + brick,18.8
water + bullet,1.2
water + coal,1.8
water + day,2.4
water + desert,2.4
water + dew,2.9
water + diamond,0.6
water + duck,0.6
water + dune,1.8
water + dust,35.9
water + earth,78.8
water + eclipse,0.6
water + electricity,5.3
water + energy,51.2
water + explosion,8.8
water + field,0.6
water + fire,82.4
water + flood,4.1
water + fog,3.5
water + granite,2.9
water + hay,2.4
water + house,5.3
water + human,0.6
water + hurricane,13.5
water + isle,2.4
water + lake,1.2
water + life,1.8
water + metal,7.1
water + moss,1.8
water + mountain range,1.8
water + mud,33.5
water + plankton,1.2
water + pressure,14.1
water + rain,24.7
water + rust,1.2
water + salt,7.1
water + sand,7.6
water + sandstorm,0.6
water + sea,10.6
water + sound,0.6
water + steam,38.8
water + stone,12.4
water + swamp,6.5
water + sword,2.4
water + tide,0.6
water + tobacco,13.5
water + volcano,25.3
water + water,35.9
water + waterfall,1.2
water + wave,2.4
water + wheat,0.6
water + windmill,1.2
water + wizard,0.6
water gun + atomic bomb,0.6
water gun + gunpowder,0.6
water gun + stone,0.6
water lily + flower,0.6
water lily + geyser,0.6
water lily + hay,0.6
water lily + sea,0.6
water lily + water,0.6
water lily + water lily,0.6
waterfall + air,1.2
waterfall + atomic bomb,0.6
waterfall + brick,0.6
waterfall + earth,0.6
waterfall + earthquake,0.6
waterfall + energy,0.6
waterfall + geyser,0.6
waterfall + mountain,1.8
waterfall + river,1.8
waterfall + sky,0.6
waterfall + steam,0.6
waterfall + storm,0.6
waterfall + waterfall,0.6
waterfall + wind,0.6
wave + brick,1.2
wave + cloud,0.6
wave + dune,0.6
wave + dust,2.4
wave + fire,1.8
wave + granite,0.6
wave + lava,1.8
wave + mountain range,0.6
wave + ocean,2.4
wave + rain,1.2
wave + sand,0.6
wave + steam,0.6
wave + stone,0.6
wave + storm,0.6
wave + volcano,1.2
wave + wall,1.2
wave + wave,4.7
wave + wind,4.1
wave + windmill,0.6
wheat + farmer,0.6
wheat + field,0.6
wheat + wizard,0.6
wind + ash,2.4
wind + atmosphere,3.5
wind + blender,0.6
wind + brick,3.5
wind + bullet,0.6
wind + clay,0.6
wind + day,0.6
wind + desert,1.2
wind + dew,1.2
wind + dust,13.5
wind + earthquake,7.1
wind + energy,29.4
wind + fog,1.2
wind + granite,0.6
wind + house,2.4
wind + hurricane,11.2
wind + metal,2.4
wind + mountain,4.1
wind + mud,10.0
wind + oasis,0.6
wind + plant,8.8
wind + pressure,3.5
wind + rainbow,1.2
wind + sandstone,1.2
wind + sea,4.1
wind + steam,15.9
wind + swamp,3.5
wind + volcano,8.8
wind + water,28.8
wind + wind,12.9
wind + windmill,1.2
wind + wizard,0.6
windmill + city,0.6
windmill + earth,1.2
windmill + energy,0.6
windmill + fire,1.2
windmill + house,1.2
windmill + mud,0.6
windmill + obsidian,0.6
windmill + ocean,0.6
windmill + sea,0.6
windmill + sound,0.6
windmill + steam,0.6
windmill + windmill,2.4
wire + air,1.8
wire + aquarium,0.6
wire + blade,1.8
wire + brick,0.6
wire + city,0.6
wire + dust,1.2
wire + earth,2.4
wire + explosion,0.6
wire + flood,1.2
wire + glasses,0.6
wire + granite,0.6
wire + gunpowder,0.6
wire + hurricane,0.6
wire + lava,0.6
wire + lightsaber,0.6
wire + rain,1.2
wire + scissors,0.6
wire + steam,0.6
wire + wall,0.6
wire + water,4.1
wire + wind,1.8
wire + wire,4.7
wizard + ash,0.6
wizard + fireman,0.6
wizard + geyser,0.6
wizard + lava,0.6
wizard + life,1.2
wizard + mountain,0.6
wizard + waterfall,0.6
