Intersection,Difference Children,Difference Adults
"['water', 'fire']","['metal', 'glasses']","['algae', 'atmosphere']"
"['air', 'earth']","['stone', 'scissors']","['atmosphere', 'hurricane']"
"['fire', 'air']","['mud', 'scissors']","['algae', 'ocean']"
"['energy', 'steam']","['glass', 'glasses']","['algae', 'salt']"
"['water', 'energy']","['desert', 'sand']","['cloud', 'geyser']"
"['earth', 'energy']","['blade', 'aquarium']","['plant', 'ash']"
"['earthquake', 'water']","['glass', 'flood']","['tobacco', 'ash']"
"['fire', 'steam']","['horizon', 'glasses']","['tobacco', 'cotton']"
"['water', 'earth']","['horizon', 'sky']","['fire', 'cotton']"
"['steam', 'mud']","['scissors', 'water']","['dune', 'cloud']"
"['earthquake', 'mud']","['glass', 'wind']","['fire', 'dune']"
"['dust', 'earthquake']","['rain', 'fog']","['ash', 'dune']"
"['energy', 'mud']","['sky', 'salt']","['geyser', 'cotton']"
"['water', 'air']","['salt', 'atmosphere']","['hurricane', 'dune']"
"['water', 'dust']","['salt', 'cloud']","['lava', 'dune']"
"['water', 'mud']","['horizon', 'atmosphere']","['rain', 'dune']"
"['water', 'steam']","['atmosphere', 'storm']","['swamp', 'dune']"
"['mud', 'rain']","['pressure', 'storm']","['storm', 'tobacco']"
"['fire', 'earth']","['salt', 'storm']","['earth', 'cotton']"
"['lava', 'water']","['storm', 'fog']","['fog', 'sand']"
"['obsidian', 'water']","['lava', 'grass']","['swamp', 'fog']"
"['rain', 'obsidian']","['life', 'lava']","['fog', 'tobacco']"
"['earthquake', 'obsidian']","['life', 'plant']","['wind', 'fog']"
"['earthquake', 'lava']","['swamp', 'life']","['aquarium', 'dune']"
"['lava', 'air']","['swamp', 'bacteria']","['cloud', 'glass']"
"['earthquake', 'stone']","['mud', 'bacteria']","['plant', 'glass']"
"['fire', 'stone']","['bacteria', 'brick']","['plant', 'aquarium']"
"['metal', 'energy']","['air', 'bacteria']","['tobacco', 'glass']"
"['water', 'electricity']","['bacteria', 'earth']","['glass', 'ash']"
"['stone', 'electricity']","['bacteria', 'energy']","['plant', 'dune']"
"['fire', 'metal']","['bacteria', 'wind']","['cactus', 'water']"
"['metal', 'lava']","['bacteria', 'plant']","['fire', 'cactus']"
"['metal', 'obsidian']","['lava', 'bacteria']","['earth', 'cactus']"
"['fire', 'energy']","['hurricane', 'bacteria']","['air', 'cactus']"
"['fire', 'lava']","['bacteria', 'steam']","['cactus', 'cloud']"
"['fire', 'mud']","['bacteria', 'fire']","['cactus', 'earthquake']"
"['fire', 'brick']","['water', 'bacteria']","['glass', 'cactus']"
"['water', 'brick']","['life', 'brick']","['storm', 'cactus']"
"['water', 'rain']","['bacteria', 'geyser']","['stone', 'cactus']"
"['air', 'brick']","['bacteria', 'rain']","['greenhouse', 'cactus']"
"['air', 'dust']","['hurricane', 'swamp']","['greenhouse', 'volcano']"
"['air', 'energy']","['bacteria', 'obsidian']","['greenhouse', 'energy']"
"['air', 'mud']","['life', 'obsidian']","['greenhouse', 'earthquake']"
"['air', 'obsidian']","['obsidian', 'swamp']","['geyser', 'greenhouse']"
"['air', 'rain']","['life', 'grass']","['dune', 'sand']"
"['air', 'steam']","['plant', 'flower']","['cotton', 'rain']"
"['air', 'stone']","['flower', 'mud']","['mud', 'sky']"
"['air', 'sand']","['life', 'flower']","['obsidian', 'granite']"
"['air', 'wind']","['hurricane', 'flower']","['horizon', 'obsidian']"
"['fire', 'wind']","['flower', 'obsidian']","['wave', 'cloud']"
"['fire', 'sand']","['flower', 'bacteria']","['atmosphere', 'wave']"
"['fire', 'rain']","['flower', 'brick']","['mud', 'wave']"
"['fire', 'obsidian']","['flower', 'geyser']","['sky', 'sound']"
"['fire', 'glass']","['flower', 'air']","['sound', 'sea']"
"['glass', 'glass']","['lava', 'flower']","['sound', 'air']"
"['glass', 'water']","['flower', 'rain']","['fire', 'sound']"
"['water', 'water']","['grass', 'bacteria']","['sound', 'steam']"
"['fire', 'fire']","['swamp', 'flower']","['sound', 'wind']"
"['earth', 'earth']","['flower', 'steam']","['water', 'sound']"
"['air', 'air']","['flower', 'wind']","['fog', 'granite']"
"['aquarium', 'aquarium']","['garden', 'hurricane']","['fog', 'wave']"
"['brick', 'brick']","['sky', 'fog']","['wave', 'granite']"
"['wall', 'wall']","['day', 'dust']","['pressure', 'sound']"
"['house', 'house']","['day', 'lava']","['fog', 'pressure']"
"['village', 'village']","['cloud', 'stone']","['rust', 'hurricane']"
"['city', 'city']","['day', 'gold']","['pond', 'mud']"
"['cloud', 'cloud']","['mountain', 'steam']","['tsunami', 'swamp']"
"['dust', 'dust']","['river', 'flood']","['tsunami', 'dust']"
"['steam', 'cloud']","['flood', 'air']","['wire', 'rain']"
"['air', 'cloud']","['ocean', 'river']","['wire', 'brick']"
"['rain', 'cloud']","['mountain', 'ocean']","['wire', 'air']"
"['energy', 'cloud']","['mountain range', 'ocean']","['wire', 'steam']"
"['storm', 'storm']","['ocean', 'tsunami']","['tsunami', 'electricity']"
"['rain', 'storm']","['boiler', 'metal']","['salt', 'metal']"
"['energy', 'energy']","['air', 'boiler']","['tsunami', 'wire']"
"['glasses', 'glasses']","['boiler', 'obsidian']","['electricity', 'flood']"
"['lava', 'lava']","['day', 'rain']","['flood', 'tsunami']"
"['metal', 'metal']","['fire', 'boiler']","['salt', 'electricity']"
"['mud', 'mud']","['obsidian', 'sky']","['stone', 'ocean']"
"['obsidian', 'obsidian']","['mountain', 'geyser']","['metal', 'sea']"
"['pressure', 'pressure']","['algae', 'flood']","['brick', 'tsunami']"
"['rain', 'rain']","['lava', 'flood']","['rust', 'salt']"
"['sand', 'sand']","['rust', 'geyser']","['rain', 'rust']"
"['desert', 'desert']","['steam', 'rust']","['electricity', 'rust']"
"['sea', 'sea']","['dust', 'explosion']","['fire', 'rust']"
"['ocean', 'ocean']","['explosion', 'granite']","['ash', 'rust']"
"['mud', 'earth']","['dust', 'granite']","['rust', 'wire']"
"['flood', 'flood']","['cloud', 'gunpowder']","['isle', 'tsunami']"
"['mud', 'flood']","['explosion', 'atmosphere']","['volcano', 'rust']"
"['rain', 'sand']","['granite', 'air']","['stone', 'tsunami']"
"['sea', 'sky']","['granite', 'cloud']","['electricity', 'isle']"
"['horizon', 'horizon']","['gunpowder', 'volcano']","['stone', 'isle']"
"['cloud', 'horizon']","['sky', 'volcano']","['tsunami', 'archipelago']"
"['storm', 'horizon']","['electricity', 'ash']","['sun', 'atmosphere']"
"['cloud', 'storm']","['ash', 'metal']","['pressure', 'rainbow']"
"['stone', 'stone']","['rain', 'mountain']","['sun', 'pressure']"
"['earth', 'stone']","['mud', 'river']","['rainbow', 'atmosphere']"
"['metal', 'stone']","['river', 'swamp']","['rainbow', 'rainbow']"
"['blade', 'blade']","['beach', 'lava']","['cloud', 'double rainbow!']"
"['scissors', 'scissors']","['boiler', 'sand']","['sky', 'double rainbow!']"
"['brick', 'scissors']","['fire', 'aquarium']","['rain', 'double rainbow!']"
"['steam', 'pressure']","['aquarium', 'dust']","['double rainbow!', 'archipelago']"
"['fire', 'pressure']","['boiler', 'dust']","['double rainbow!', 'double rainbow!']"
"['water', 'pressure']","['glass', 'boiler']","['sea', 'sun']"
"['dust', 'desert']","['bullet', 'dust']","['rust', 'sun']"
"['rain', 'dust']","['fire', 'gun']","['water', 'archipelago']"
"['energy', 'dust']","['bullet', 'flamethrower']","['sea', 'archipelago']"
"['wind', 'wind']","['gun', 'glass']","['double rainbow!', 'atmosphere']"
"['storm', 'wind']","['energy', 'flamethrower']","['pressure', 'double rainbow!']"
"['ocean', 'water']","['metal', 'gun']","['sun', 'brick']"
"['house', 'energy']","['mud', 'sandstorm']","['rust', 'rust']"
"['city', 'energy']","['water', 'sandstorm']","['house', 'wire']"
"['water', 'aquarium']","['rain', 'clay']","['house', 'salt']"
"['blade', 'dust']","['windmill', 'house']","['city', 'tsunami']"
"['scissors', 'metal']","['windmill', 'steam']","['city', 'ocean']"
"['blade', 'obsidian']","['house', 'sea']","['archipelago', 'city']"
"['rain', 'sky']","['ocean', 'house']","['city', 'cloud']"
"['dust', 'earth']","['village', 'wind']","['city', 'atmosphere']"
"['ocean', 'dust']","['village', 'volcano']","['wire', 'city']"
"['sky', 'water']","['water', 'windmill']","['village', 'wire']"
"['village', 'water']","['lava', 'house']","['atmosphere', 'house']"
"['wall', 'water']","['wave', 'rain']","['grass', 'fog']"
"['metal', 'wall']","['gunpowder', 'wave']","['coal', 'dew']"
"['brick', 'wall']","['village', 'fire']","['garden', 'fog']"
"['lava', 'energy']","['windmill', 'fire']","['fog', 'atmosphere']"
"['sea', 'fire']","['village', 'earth']","['atmosphere', 'grass']"
"['dust', 'salt']","['salt', 'geyser']","['dust', 'fog']"
"['sea', 'salt']","['garden', 'wave']","['water', 'bird']"
"['sky', 'sky']","['obsidian', 'mountain']","['water', 'duck']"
"['earth', 'sky']","['mountain', 'stone']","['rain', 'duck']"
"['cloud', 'dust']","['gunpowder', 'hurricane']","['bird', 'energy']"
"['horizon', 'energy']","['hurricane', 'explosion']","['swamp', 'duck']"
"['cloud', 'water']","['mountain', 'explosion']","['duck', 'energy']"
"['cloud', 'fire']","['hurricane', 'atomic bomb']","['pressure', 'atomic bomb']"
"['cloud', 'earth']","['mountain', 'atomic bomb']","['ocean', 'atomic bomb']"
"['horizon', 'fog']","['explosion', 'mud']","['tsunami', 'explosion']"
"['fog', 'fog']","['dust', 'city']","['flood', 'atomic bomb']"
"['fog', 'air']","['wall', 'volcano']","['atomic bomb', 'house']"
"['fog', 'steam']","['volcano', 'cloud']","['house', 'earthquake']"
"['steam', 'horizon']","['hurricane', 'windmill']","['house', 'tsunami']"
"['salt', 'rain']","['dust', 'village']","['city', 'atomic bomb']"
"['steam', 'steam']","['city', 'salt']","['village', 'energy']"
"['rain', 'steam']","['volcano', 'rainbow']","['village', 'atmosphere']"
"['pressure', 'rain']","['cotton', 'rainbow']","['village', 'tsunami']"
"['energy', 'pressure']","['grass', 'lake']","['village', 'ocean']"
"['sea', 'pressure']","['river', 'wind']","['hurricane', 'algae']"
"['horizon', 'pressure']","['mountain', 'pressure']","['hurricane', 'plant']"
"['pressure', 'cloud']","['river', 'earthquake']","['hurricane', 'tobacco']"
"['sky', 'pressure']","['mountain range', 'river']","['house', 'hurricane']"
"['atmosphere', 'cloud']","['sea', 'tsunami']","['tobacco', 'salt']"
"['atmosphere', 'sea']","['steam', 'tsunami']","['city', 'tobacco']"
"['atmosphere', 'air']","['wall', 'earthquake']","['dew', 'dew']"
"['fire', 'atmosphere']","['mountain range', 'wall']","['volcano', 'city']"
"['energy', 'atmosphere']","['river', 'salt']","['earth', 'archipelago']"
"['atmosphere', 'atmosphere']","['mountain range', 'tsunami']","['ash', 'grass']"
"['pressure', 'atmosphere']","['algae', 'house']","['archipelago', 'air']"
"['horizon', 'sea']","['obsidian', 'tsunami']","['sea', 'electricity']"
"['atmosphere', 'dust']","['flood', 'obsidian']","['ocean', 'electricity']"
"['sky', 'storm']","['lava', 'salt']","['rust', 'energy']"
"['steam', 'storm']","['plant', 'city']","['metal', 'isle']"
"['storm', 'air']","['mountain range', 'earthquake']","['gun', 'explosion']"
"['storm', 'fire']","['tsunami', 'wind']","['boiler', 'pressure']"
"['storm', 'water']","['tsunami', 'rain']","['house', 'boiler']"
"['storm', 'energy']","['dust', 'flood']","['aquarium', 'algae']"
"['storm', 'earth']","['geyser', 'flood']","['sandstone', 'sandstone']"
"['storm', 'dust']","['gunpowder', 'sea']","['sandstone', 'fire']"
"['storm', 'sea']","['gunpowder', 'ocean']","['sandstone', 'earth']"
"['earth', 'rain']","['plant', 'geyser']","['air', 'sandstone']"
"['plant', 'water']","['tobacco', 'obsidian']","['sandstone', 'house']"
"['algae', 'water']","['gunpowder', 'plant']","['sandstone', 'metal']"
"['energy', 'rain']","['obsidian', 'gunpowder']","['sand', 'metal']"
"['energy', 'obsidian']","['granite', 'sea']","['blade', 'gun']"
"['earth', 'steam']","['coal', 'granite']","['bayonet', 'bayonet']"
"['geyser', 'lava']","['lava', 'garden']","['blade', 'explosion']"
"['algae', 'sea']","['granite', 'grass']","['blade', 'air']"
"['plant', 'rain']","['granite', 'pond']","['blade', 'earth']"
"['earth', 'plant']","['tobacco', 'dew']","['blade', 'stone']"
"['grass', 'rain']","['gunpowder', 'pond']","['sword', 'sword']"
"['sea', 'steam']","['dew', 'volcano']","['excalibur', 'excalibur']"
"['geyser', 'grass']","['obsidian', 'garden']","['sword', 'air']"
"['grass', 'plant']","['sea', 'pond']","['energy', 'blender']"
"['water', 'sea']","['swamp', 'coal']","['electricity', 'pressure']"
"['rain', 'garden']","['isle', 'geyser']","['electricity', 'scissors']"
"['garden', 'grass']","['isle', 'dust']","['scythe', 'scythe']"
"['obsidian', 'geyser']","['brick', 'granite']","['gun', 'scythe']"
"['energy', 'sea']","['granite', 'isle']","['sword', 'scythe']"
"['earth', 'algae']","['garden', 'city']","['scythe', 'atomic bomb']"
"['geyser', 'steam']","['granite', 'house']","['plant', 'blade']"
"['grass', 'energy']","['obsidian', 'city']","['sand', 'scythe']"
"['grass', 'fire']","['grass', 'city']","['city', 'boiler']"
"['garden', 'fire']","['grass', 'village']","['sandstone', 'dune']"
"['energy', 'geyser']","['granite', 'village']","['sandstone', 'desert']"
"['obsidian', 'lava']","['granite', 'wall']","['city', 'desert']"
"['lava', 'earth']","['gunpowder', 'salt']","['wind', 'desert']"
"['water', 'volcano']","['city', 'wind']","['desert', 'earth']"
"['garden', 'air']","['village', 'windmill']","['desert', 'fire']"
"['air', 'algae']","['windmill', 'city']","['oasis', 'fire']"
"['air', 'ocean']","['salt', 'windmill']","['earth', 'oasis']"
"['air', 'plant']","['wave', 'windmill']","['ocean', 'oasis']"
"['garden', 'ocean']","['wall', 'rain']","['city', 'metal']"
"['geyser', 'volcano']","['brick', 'day']","['fire', 'hay']"
"['obsidian', 'volcano']","['rainbow', 'obsidian']","['earth', 'hay']"
"['volcano', 'volcano']","['volcano', 'day']","['hay', 'air']"
"['plant', 'plant']","['horizon', 'dust']","['geyser', 'aquarium']"
"['geyser', 'geyser']","['sun', 'obsidian']","['earthquake', 'aquarium']"
"['geyser', 'fire']","['sun', 'explosion']","['stone', 'aquarium']"
"['mud', 'geyser']","['horizon', 'mud']","['tobacco', 'earthquake']"
"['air', 'geyser']","['cloud', 'mountain']","['stone', 'horizon']"
"['wind', 'mud']","['earthquake', 'sky']","['garden', 'volcano']"
"['wind', 'energy']","['river', 'obsidian']","['tobacco', 'ocean']"
"['geyser', 'wind']","['wall', 'cloud']","['coal', 'energy']"
"['steam', 'hurricane']","['desert', 'dune']","['wave', 'wall']"
"['geyser', 'water']","['house', 'beach']","['wave', 'steam']"
"['earth', 'hurricane']","['explosion', 'city']","['house', 'wave']"
"['water', 'hurricane']","['plant', 'oasis']","['algae', 'coal']"
"['wind', 'water']","['earthquake', 'glasses']","['mud', 'house']"
"['hurricane', 'fire']","['grenade', 'metal']","['geyser', 'wall']"
"['lava', 'brick']","['hourglass', 'day']","['garden', 'village']"
"['brick', 'energy']","['glass', 'sun']","['city', 'algae']"
"['geyser', 'brick']","['atmosphere', 'stone']","['earthquake', 'village']"
"['mud', 'brick']","['gun', 'water']","['coal', 'volcano']"
"['rain', 'brick']","['gun', 'earth']","['coal', 'pressure']"
"['wind', 'brick']","['gun', 'air']","['coal', 'rain']"
"['brick', 'steam']","['bullet', 'fire']","['coal', 'village']"
"['hurricane', 'energy']","['fire', 'flamethrower']","['coal', 'wind']"
"['rain', 'wind']","['sunglasses', 'sunglasses']","['water', 'diamond']"
"['lava', 'mud']","['sunglasses', 'glasses']","['diamond', 'fire']"
"['lava', 'wind']","['brick', 'blade']","['diamond', 'earth']"
"['wind', 'hurricane']","['flamethrower', 'blade']","['diamond', 'air']"
"['lava', 'rain']","['blender', 'bullet']","['diamond', 'algae']"
"['mud', 'plant']","['blender', 'fire']","['diamond', 'brick']"
"['water', 'swamp']","['gun', 'blender']","['diamond', 'city']"
"['fire', 'swamp']","['sky', 'explosion']","['diamond', 'coal']"
"['brick', 'swamp']","['fireworks', 'fire']","['diamond', 'diamond']"
"['geyser', 'swamp']","['fireworks', 'dust']","['diamond', 'earthquake']"
"['swamp', 'energy']","['fireworks', 'gunpowder']","['diamond', 'energy']"
"['fire', 'life']","['steam', 'fireworks']","['diamond', 'flood']"
"['life', 'rain']","['fireworks', 'explosion']","['garden', 'diamond']"
"['mud', 'swamp']","['air', 'fireworks']","['diamond', 'geyser']"
"['brick', 'hurricane']","['fireworks', 'water']","['diamond', 'house']"
"['air', 'swamp']","['earth', 'fireworks']","['diamond', 'lava']"
"['rain', 'swamp']","['cloud', 'fireworks']","['diamond', 'pressure']"
"['wind', 'swamp']","['geyser', 'fireworks']","['swamp', 'village']"
"['swamp', 'earth']","['fireworks', 'lava']","['steam', 'house']"
"['plant', 'swamp']","['sword', 'excalibur']","['river', 'dust']"
"['obsidian', 'brick']","['explosion', 'sword']","['atomic bomb', 'sea']"
"['obsidian', 'earth']","['blade', 'volcano']","['gunpowder', 'tsunami']"
"['mud', 'obsidian']","['sword', 'volcano']","['explosion', 'coal']"
"['obsidian', 'wind']","['explosion', 'brick']","['gunpowder', 'coal']"
"['obsidian', 'plant']","['energy', 'wall']","['coal', 'atomic bomb']"
"['hurricane', 'obsidian']","['pressure', 'village']","['atomic bomb', 'swamp']"
"['obsidian', 'steam']","['earth', 'life']","['dew', 'atomic bomb']"
"['mud', 'grass']","['life', 'human']","['plant', 'dew']"
"['garden', 'plant']","['algae', 'human']","['energy', 'cotton']"
"['garden', 'flower']","['energy', 'life']","['steam', 'cotton']"
"['flower', 'earth']","['energy', 'human']","['gunpowder', 'storm']"
"['energy', 'flower']","['swamp', 'human']","['dew', 'rainbow']"
"['grass', 'flower']","['human', 'rain']","['steam', 'rainbow']"
"['flower', 'water']","['energy', 'cold']","['wind', 'rainbow']"
"['flower', 'fire']","['human', 'cold']","['rainbow', 'storm']"
"['garden', 'mud']","['volcano', 'human']","['sun', 'cotton']"
"['lava', 'hurricane']","['hurricane', 'human']","['cotton', 'storm']"
"['brick', 'grass']","['cold', 'wizard']","['paint', 'water']"
"['sky', 'steam']","['earthquake', 'cold']","['paint', 'energy']"
"['sky', 'fire']","['human', 'wizard']","['paint', 'brick']"
"['sky', 'sun']","['cold', 'swamp']","['storm', 'sun']"
"['sun', 'day']","['human', 'geyser']","['algae', 'rainbow']"
"['air', 'day']","['dust', 'cold']","['energy', 'rainbow']"
"['sun', 'earth']","['human', 'fire']","['explosion', 'rainbow']"
"['lava', 'sun']","['fireman', 'cold']","['grass', 'rainbow']"
"['sun', 'stone']","['energy', 'wizard']","['hurricane', 'rainbow']"
"['dust', 'stone']","['fireman', 'human']","['plant', 'rainbow']"
"['stone', 'lava']","['fireman', 'geyser']","['gunpowder', 'sun']"
"['lava', 'dust']","['fireman', 'fire']","['sun', 'dew']"
"['metal', 'dust']","['wizard', 'life']","['swamp', 'sky']"
"['metal', 'sun']","['human', 'gunpowder']","['horizon', 'sun']"
"['sea', 'earth']","['cold', 'life']","['paint', 'atomic bomb']"
"['steam', 'dust']","['cold', 'earth']","['sun', 'wind']"
"['steam', 'volcano']","['explosion', 'human']","['sun', 'swamp']"
"['air', 'volcano']","['wind', 'wizard']","['plant', 'sun']"
"['air', 'earthquake']","['atomic bomb', 'human']","['sun', 'tobacco']"
"['energy', 'earthquake']","['life', 'atomic bomb']","['day', 'horizon']"
"['earth', 'earthquake']","['algae', 'explosion']","['sun', 'hurricane']"
"['mountain', 'air']","['fireman', 'energy']","['sun', 'grass']"
"['mountain', 'water']","['atomic bomb', 'cold']","['hay', 'sun']"
"['river', 'river']","['life', 'fireman']","['hay', 'energy']"
"['river', 'rain']","['fireman', 'earthquake']","['cotton', 'hay']"
"['river', 'fire']","['atomic bomb', 'fireman']","['explosion', 'hay']"
"['river', 'water']","['atomic bomb', 'wizard']","['hay', 'wind']"
"['earthquake', 'mountain']","['river', 'mountain']","['hay', 'dust']"
"['mountain', 'energy']","['waterfall', 'geyser']","['dust', 'cotton']"
"['flood', 'earthquake']","['wizard', 'fireman']","['gunpowder', 'cotton']"
"['water', 'flood']","['waterfall', 'mountain']","['atomic bomb', 'sun']"
"['flood', 'rain']","['cold', 'mountain']","['swamp', 'storm']"
"['earth', 'flood']","['mountain', 'tobacco']","['day', 'storm']"
"['energy', 'flood']","['human', 'earthquake']","['hay', 'horizon']"
"['river', 'steam']","['fireman', 'waterfall']","['air', 'paint']"
"['earthquake', 'earthquake']","['waterfall', 'atomic bomb']","['earth', 'paint']"
"['mountain', 'mountain']","['waterfall', 'river']","['dew', 'swamp']"
"['mountain range', 'mountain range']","['mountain', 'human']","['rust', 'sword']"
"['fire', 'ocean']","['fireman', 'explosion']","['obsidian', 'sword']"
"['earth', 'ocean']","['atomic bomb', 'plankton']","['excalibur', 'rust']"
"['earthquake', 'ocean']","['fireman', 'swamp']","['earth', 'excalibur']"
"['pressure', 'ocean']","['human', 'plankton']","['air', 'excalibur']"
"['rain', 'ocean']","['plankton', 'mountain']","['blade', 'pressure']"
"['ocean', 'salt']","['mountain', 'life']","['excalibur', 'garden']"
"['ocean', 'sea']","['plankton', 'plant']","['stone', 'garden']"
"['steam', 'ocean']","['earthquake', 'life']","['scissors', 'sword']"
"['tsunami', 'tsunami']","['wizard', 'waterfall']","['rust', 'wall']"
"['salt', 'salt']","['plankton', 'ocean']","['sky', 'house']"
"['dust', 'fire']","['river', 'geyser']","['skyscraper', 'sky']"
"['gunpowder', 'dust']","['life', 'hurricane']","['garden', 'skyscraper']"
"['metal', 'steam']","['plankton', 'swamp']","['earth', 'skyscraper']"
"['water', 'boiler']","['plankton', 'tobacco']","['skyscraper', 'air']"
"['cloud', 'lava']","['swamp', 'sea']","['fire', 'skyscraper']"
"['metal', 'rain']","['plankton', 'plankton']","['skyscraper', 'plant']"
"['sun', 'water']","['cold', 'cold']","['rust', 'algae']"
"['sun', 'fire']","['fireman', 'fireman']","['sky', 'stone']"
"['cloud', 'day']","['human', 'human']","['moon', 'fire']"
"['stone', 'rain']","['life', 'life']","['moon', 'cloud']"
"['air', 'sun']","['love', 'love']","['moon', 'sea']"
"['day', 'steam']","['explosion', 'ocean']","['tide', 'sea']"
"['lava', 'sky']","['gunpowder', 'house']","['algae', 'tide']"
"['day', 'day']","['atmosphere', 'archipelago']","['tide', 'tide']"
"['sky', 'day']","['isle', 'village']","['earth', 'tide']"
"['salt', 'earth']","['village', 'gunpowder']","['water', 'tide']"
"['sea', 'dust']","['isle', 'wall']","['ocean', 'tide']"
"['earth', 'geyser']","['archipelago', 'explosion']","['tide', 'moon']"
"['cloud', 'sky']","['cloud', 'ocean']","['pond', 'tide']"
"['sky', 'air']","['wall', 'ocean']","['moon', 'horizon']"
"['pressure', 'earth']","['granite', 'city']","['sky', 'moon']"
"['atmosphere', 'sky']","['air', 'dam']","['night', 'fire']"
"['atmosphere', 'steam']","['volcano', 'river']","['night', 'water']"
"['earth', 'atmosphere']","['river', 'dam']","['night', 'earth']"
"['algae', 'plant']","['lake', 'energy']","['air', 'night']"
"['mountain', 'lava']","['lake', 'mountain']","['ocean', 'night']"
"['volcano', 'lava']","['dam', 'lake']","['sea', 'night']"
"['algae', 'steam']","['hurricane', 'salt']","['rain', 'night']"
"['volcano', 'earthquake']","['atomic bomb', 'salt']","['moon', 'moon']"
"['volcano', 'earth']","['earthquake', 'wave']","['night', 'moon']"
"['algae', 'energy']","['salt', 'obsidian']","['plant', 'moon']"
"['algae', 'fire']","['atomic bomb', 'wave']","['blade', 'moon']"
"['rain', 'geyser']","['flood', 'cloud']","['sun', 'moon']"
"['volcano', 'fire']","['salt', 'earthquake']","['eclipse', 'sky']"
"['steam', 'lava']","['atomic bomb', 'cloud']","['eclipse', 'rain']"
"['fire', 'plant']","['sound', 'cloud']","['eclipse', 'ocean']"
"['earth', 'tobacco']","['earth', 'sound']","['earth', 'eclipse']"
"['water', 'tobacco']","['dust', 'sound']","['cloud', 'eclipse']"
"['lava', 'plant']","['atomic bomb', 'sound']","['water', 'eclipse']"
"['geyser', 'pressure']","['wave', 'storm']","['tide', 'eclipse']"
"['air', 'pressure']","['sound', 'storm']","['eclipse', 'eclipse']"
"['geyser', 'atmosphere']","['isle', 'salt']","['gold', 'sea']"
"['atmosphere', 'water']","['river', 'isle']","['obsidian', 'gold']"
"['algae', 'algae']","['mountain range', 'energy']","['algae', 'horizon']"
"['algae', 'pressure']","['isle', 'mountain range']","['horizon', 'eclipse']"
"['algae', 'lava']","['mountain', 'salt']","['moon', 'eclipse']"
"['pressure', 'flood']","['mountain range', 'rain']","['gold', 'gold']"
"['mud', 'algae']","['explosion', 'fog']","['gold', 'water']"
"['earth', 'grass']","['ocean', 'fog']","['moon', 'gold']"
"['tobacco', 'volcano']","['grass', 'obsidian']","['gold', 'skyscraper']"
"['rain', 'volcano']","['grass', 'volcano']","['air', 'gold']"
"['volcano', 'flood']","['explosion', 'obsidian']","['earth', 'gold']"
"['metal', 'air']","['grenade', 'stone']","['wall', 'skyscraper']"
"['rust', 'earth']","['grenade', 'earth']","['archipelago', 'horizon']"
"['earth', 'metal']","['lava', 'gun']","['archipelago', 'moon']"
"['water', 'rust']","['grass', 'stone']","['sun', 'sword']"
"['metal', 'geyser']","['grass', 'grenade']","['swamp', 'archipelago']"
"['metal', 'rust']","['bullet', 'lava']","['skyscraper', 'skyscraper']"
"['metal', 'volcano']","['sand', 'bullet']","['isle', 'night']"
"['volcano', 'stone']","['rain', 'bullet']","['city', 'night']"
"['gunpowder', 'lava']","['grenade', 'boiler']","['city', 'moon']"
"['fire', 'gunpowder']","['bullet', 'tobacco']","['mud', 'city']"
"['fire', 'explosion']","['swamp', 'metal']","['sky', 'city']"
"['earth', 'explosion']","['tobacco', 'scythe']","['blade', 'archipelago']"
"['lava', 'explosion']","['rain', 'hay']","['tide', 'city']"
"['lava', 'pressure']","['scythe', 'blade']","['swamp', 'isle']"
"['granite', 'earth']","['metal', 'hay']","['moon', 'swamp']"
"['water', 'granite']","['hay', 'needle']","['horizon', 'skyscraper']"
"['pressure', 'dust']","['rain', 'cactus']","['garden', 'archipelago']"
"['explosion', 'pressure']","['scythe', 'boiler']","['gold', 'ocean']"
"['volcano', 'atmosphere']","['blade', 'hay']","['stone', 'gold']"
"['explosion', 'volcano']","['metal', 'needle']","['gold', 'volcano']"
"['explosion', 'gunpowder']","['energy', 'gun']","['isle', 'mud']"
"['lava', 'granite']","['electricity', 'atomic bomb']","['house', 'skyscraper']"
"['gunpowder', 'earth']","['mountain', 'sea']","['wall', 'sun']"
"['granite', 'steam']","['horizon', 'earthquake']","['gold', 'rain']"
"['dust', 'volcano']","['rain', 'waterfall']","['pond', 'grass']"
"['mud', 'dust']","['water', 'waterfall']","['dew', 'sky']"
"['mud', 'volcano']","['horizon', 'waterfall']","['dew', 'night']"
"['wind', 'volcano']","['waterfall', 'sky']","['moon', 'dew']"
"['volcano', 'energy']","['waterfall', 'waterfall']","['pressure', 'dew']"
"['ash', 'energy']","['mountain range', 'waterfall']","['cloud', 'dew']"
"['ash', 'fire']","['waterfall', 'air']","['tide', 'plant']"
"['ash', 'mud']","['grass', 'storm']","['plant', 'horizon']"
"['wind', 'ash']","['obsidian', 'storm']","['electricity', 'cloud']"
"['wind', 'dust']","['metal', 'moss']","['hay', 'hay']"
"['steam', 'ash']","['mountain', 'ash']","['house', 'hay']"
"['earth', 'ash']","['river', 'life']","['grass', 'barn']"
"['earthquake', 'ash']","['water', 'human']","['moon', 'storm']"
"['fire', 'earthquake']","['volcano', 'wizard']","['flood', 'storm']"
"['earthquake', 'steam']","['water', 'wizard']","['garden', 'wind']"
"['obsidian', 'stone']","['air', 'human']","['storm', 'archipelago']"
"['earth', 'wind']","['plant', 'wizard']","['ash', 'gold']"
"['ash', 'air']","['wizard', 'ash']","['ash', 'algae']"
"['dust', 'brick']","['volcano', 'swamp']","['hay', 'hay bale']"
"['stone', 'steam']","['human', 'dust']","['garden', 'barn']"
"['earthquake', 'hurricane']","['algae', 'allergy']","['tide', 'storm']"
"['ash', 'hurricane']","['life', 'allergy']","['skyscraper', 'storm']"
"['energy', 'stone']","['river', 'allergy']","['air', 'cotton']"
"['hurricane', 'air']","['allergy', 'water']","['geyser', 'sun']"
"['mud', 'hurricane']","['human', 'lava']","['earthquake', 'sun']"
"['volcano', 'hurricane']","['wizard', 'lava']","['sun', 'garden']"
"['electricity', 'dust']","['mud', 'life']","['water', 'lake']"
"['steam', 'electricity']","['allergy', 'ash']","['lake', 'algae']"
"['ash', 'water']","['wizard', 'mountain']","['lake', 'garden']"
"['electricity', 'wind']","['air', 'wizard']","['pond', 'sun']"
"['electricity', 'air']","['wizard', 'geyser']","['flower', 'pond']"
"['earthquake', 'electricity']","['human', 'allergy']","['lake', 'lake']"
"['metal', 'earthquake']","['swamp', 'wizard']","['fire', 'pond']"
"['electricity', 'earth']","['swamp', 'allergy']","['water lily', 'water lily']"
"['earthquake', 'brick']","['human', 'plant']","['water lily', 'flower']"
"['wind', 'metal']","['farmer', 'wizard']","['water lily', 'hay']"
"['ash', 'stone']","['plant', 'farmer']","['water lily', 'sea']"
"['electricity', 'brick']","['earth', 'wheat']","['plant', 'salt']"
"['metal', 'electricity']","['geyser', 'wheat']","['sea', 'grass']"
"['electricity', 'wire']","['water', 'wheat']","['earthquake', 'fog']"
"['earth', 'fog']","['river', 'wheat']","['sun', 'double rainbow!']"
"['fog', 'cloud']","['wheat', 'farmer']","['cotton', 'atomic bomb']"
"['fog', 'plant']","['farmer', 'human']","['flower', 'explosion']"
"['energy', 'fog']","['farmer', 'algae']","['salt', 'cotton']"
"['hurricane', 'hurricane']","['farmer', 'earth']","['double rainbow!', 'water']"
"['wind', 'steam']","['wheat', 'field']","['water lily', 'water']"
"['rain', 'hurricane']","['river', 'field']","['salt', 'dew']"
"['energy', 'river']","['energy', 'field']","['rainbow', 'pond']"
"['mountain', 'fire']","['field', 'algae']","['day', 'pond']"
"['brick', 'earth']","['field', 'mud']","['day', 'pressure']"
"['mountain', 'earth']","['life', 'field']","['earthquake', 'hay']"
"['hurricane', 'grass']","['mountain', 'farmer']","['salt', 'flower']"
"['lava', 'river']","['mud', 'farmer']","['water lily', 'geyser']"
"['river', 'plant']","['energy', 'farmer']","['isle', 'cotton']"
"['river', 'algae']","['water', 'field']","['archipelago', 'lava']"
"['rain', 'algae']","['rain', 'field']","['atomic bomb', 'archipelago']"
"['volcano', 'brick']","['grass', 'river']","['hay', 'pressure']"
"['earth', 'river']","['dew', 'farmer']","['lake', 'isle']"
"['steam', 'grass']","['mud', 'dew']","['coal', 'steam']"
"['swamp', 'algae']","['life', 'dew']","['cloud', 'coal']"
"['swamp', 'steam']","['grass', 'wheat']","['tobacco', 'coal']"
"['sand', 'lava']","['allergy', 'rain']","['hurricane', 'electricity']"
"['water', 'sand']","['allergy', 'farmer']","['earth', 'clay']"
"['rain', 'beach']","['dust', 'life']","['wind', 'clay']"
"['metal', 'beach']","['wheat', 'wizard']","['metal', 'clay']"
"['volcano', 'sand']","['river', 'plankton']","['clay', 'wire']"
"['beach', 'volcano']","['horizon', 'brick']","['geyser', 'sand']"
"['steam', 'boiler']","['brick', 'sky']","['electricity', 'obsidian']"
"['water', 'beach']","['tobacco', 'flower']","['wire', 'lava']"
"['water', 'metal']","['sky', 'geyser']","['steam', 'sandstone']"
"['water', 'stone']","['horizon', 'geyser']","['rain', 'sandstone']"
"['fire', 'beach']","['horizon', 'gunpowder']","['wind', 'sandstone']"
"['aquarium', 'beach']","['air', 'pond']","['geyser', 'sandstone']"
"['gunpowder', 'water']","['pond', 'rain']","['lava', 'sandstone']"
"['glass', 'steam']","['cloud', 'garden']","['sandstone', 'electricity']"
"['mud', 'aquarium']","['garden', 'day']","['sandstone', 'energy']"
"['gunpowder', 'metal']","['pressure', 'pond']","['geyser', 'blade']"
"['bullet', 'metal']","['sun', 'city']","['water', 'blender']"
"['gun', 'ash']","['flood', 'pond']","['sand', 'blender']"
"['energy', 'bullet']","['day', 'village']","['metal', 'blender']"
"['energy', 'boiler']","['house', 'swamp']","['geyser', 'blender']"
"['mud', 'beach']","['flower', 'village']","['electricity', 'blender']"
"['energy', 'sand']","['day', 'grass']","['stone', 'blender']"
"['mud', 'stone']","['village', 'sun']","['lava', 'blender']"
"['sand', 'mud']","['day', 'city']","['sandstone', 'blade']"
"['clay', 'water']","['flower', 'volcano']","['wire', 'blade']"
"['brick', 'clay']","['swamp', 'garden']","['blender', 'air']"
"['sandstorm', 'rain']","['clay', 'river']","['mud', 'sandstone']"
"['volcano', 'pressure']","['clay', 'lava']","['dust', 'sand']"
"['mud', 'pressure']","['beach', 'mountain']","['sand', 'sky']"
"['wind', 'house']","['lava', 'glass']","['sky', 'electricity']"
"['wind', 'windmill']","['gunpowder', 'glass']","['hurricane', 'sky']"
"['lava', 'ocean']","['house', 'geyser']","['blade', 'sky']"
"['obsidian', 'pressure']","['isle', 'wave']","['blender', 'sky']"
"['windmill', 'windmill']","['archipelago', 'wind']","['cloud', 'blade']"
"['air', 'windmill']","['ocean', 'geyser']","['sky', 'metal']"
"['ocean', 'obsidian']","['geyser', 'wave']","['sand', 'hurricane']"
"['city', 'water']","['hurricane', 'tsunami']","['sky', 'sandstorm']"
"['ocean', 'mud']","['wave', 'stone']","['dust', 'sandstorm']"
"['energy', 'ocean']","['village', 'mud']","['fire', 'sandstorm']"
"['fire', 'city']","['volcano', 'dune']","['geyser', 'sandstorm']"
"['ocean', 'wind']","['mud', 'dune']","['energy', 'sandstorm']"
"['wave', 'dust']","['ocean', 'dune']","['cloud', 'sandstorm']"
"['wave', 'wave']","['wave', 'sand']","['sandstorm', 'air']"
"['energy', 'wave']","['wave', 'dune']","['blade', 'sandstorm']"
"['water', 'house']","['geyser', 'tsunami']","['sandstone', 'blender']"
"['water', 'wave']","['aquarium', 'glass']","['sandstorm', 'blender']"
"['fire', 'flood']","['sea', 'aquarium']","['blender', 'blender']"
"['fire', 'house']","['hourglass', 'pressure']","['clay', 'clay']"
"['salt', 'fire']","['mud', 'glass']","['flood', 'sky']"
"['wall', 'fire']","['isle', 'glasses']","['scissors', 'energy']"
"['wave', 'fire']","['glasses', 'atmosphere']","['storm', 'scissors']"
"['city', 'earth']","['gunpowder', 'dew']","['blade', 'mud']"
"['earth', 'house']","['dune', 'beach']","['sword', 'mud']"
"['mountain', 'mud']","['sandstone', 'dust']","['blender', 'earth']"
"['wall', 'earth']","['aquarium', 'sandstone']","['storm', 'blender']"
"['earth', 'wave']","['sand', 'aquarium']","['storm', 'blade']"
"['windmill', 'earth']","['earth', 'aquarium']","['electricity', 'storm']"
"['city', 'air']","['atmosphere', 'aquarium']","['excalibur', 'electricity']"
"['garden', 'garden']","['pressure', 'aquarium']","['excalibur', 'rain']"
"['grass', 'grass']","['brick', 'aquarium']","['steam', 'excalibur']"
"['plant', 'ocean']","['ocean', 'aquarium']","['geyser', 'excalibur']"
"['plant', 'explosion']","['salt', 'sand']","['blender', 'rain']"
"['algae', 'garden']","['oasis', 'lava']","['wind', 'blender']"
"['gunpowder', 'grass']","['desert', 'tsunami']","['sword', 'hurricane']"
"['mountain', 'volcano']","['algae', 'cotton']","['metal', 'hurricane']"
"['wind', 'mountain']","['brick', 'cotton']","['sword', 'rainbow']"
"['hurricane', 'geyser']","['moss', 'air']","['sun', 'dust']"
"['hurricane', 'stone']","['moss', 'moss']","['day', 'metal']"
"['dust', 'hurricane']","['obsidian', 'wall']","['day', 'blender']"
"['mountain', 'dust']","['moss', 'mud']","['electricity', 'day']"
"['gunpowder', 'ash']","['storm', 'village']","['blender', 'excalibur']"
"['dust', 'obsidian']","['grass', 'mountain']","['excalibur', 'metal']"
"['stone', 'geyser']","['gunpowder', 'mountain']","['cloud', 'blender']"
"['stone', 'explosion']","['mountain', 'pond']","['rainbow', 'day']"
"['explosion', 'energy']","['brick', 'bullet']","['wind', 'day']"
"['energy', 'atomic bomb']","['grass', 'cloud']","['mud', 'day']"
"['atomic bomb', 'volcano']","['blade', 'swamp']","['electricity', 'rainbow']"
"['water', 'atomic bomb']","['gunpowder', 'flower']","['salt', 'stone']"
"['fire', 'atomic bomb']","['garden', 'dust']","['earthquake', 'rainbow']"
"['atomic bomb', 'explosion']","['plant', 'scissors']","['geyser', 'rainbow']"
"['atomic bomb', 'obsidian']","['flower', 'scissors']","['lake', 'earth']"
"['atomic bomb', 'gunpowder']","['gunpowder', 'bullet']","['lake', 'volcano']"
"['air', 'atomic bomb']","['bayonet', 'sword']","['algae', 'gunpowder']"
"['geyser', 'atomic bomb']","['gun', 'bayonet']","['dew', 'atmosphere']"
"['atomic bomb', 'wind']","['sword', 'blade']","['wall', 'air']"
"['explosion', 'wind']","['moss', 'obsidian']","['garden', 'salt']"
"['water', 'explosion']","['scissors', 'moss']","['city', 'river']"
"['atomic bomb', 'mud']","['flower', 'moss']","['house', 'pond']"
"['ash', 'geyser']","['moss', 'stone']","['algae', 'isle']"
"['atomic bomb', 'lava']","['garden', 'moss']","['isle', 'gunpowder']"
"['village', 'city']","['bayonet', 'blade']","['air', 'village']"
"['wall', 'dust']","['atmosphere', 'tobacco']","['pressure', 'river']"
"['city', 'steam']","['atmosphere', 'garden']","['wall', 'sea']"
"['city', 'brick']","['fog', 'brick']","['wind', 'dew']"
"['cloud', 'hurricane']","['desert', 'flood']","['mountain range', 'wind']"
"['gunpowder', 'gunpowder']","['earth', 'boiler']","['dam', 'sea']"
"['gunpowder', 'atmosphere']","['beach', 'boiler']","['dam', 'dam']"
"['brick', 'salt']","['boiler', 'stone']","['pond', 'wind']"
"['city', 'sea']","['dune', 'boiler']","['energy', 'sound']"
"['gunpowder', 'wall']","['beach', 'sea']","['house', 'sound']"
"['ash', 'cloud']","['desert', 'sea']","['earthquake', 'sound']"
"['cloud', 'sea']","['wire', 'hurricane']","['isle', 'hurricane']"
"['water', 'salt']","['wire', 'dust']","['sound', 'isle']"
"['atmosphere', 'ash']","['gunpowder', 'flood']","['sound', 'gunpowder']"
"['ash', 'ocean']","['beach', 'atmosphere']","['hurricane', 'sound']"
"['ash', 'ash']","['sand', 'atmosphere']","['sound', 'city']"
"['plant', 'energy']","['desert', 'rust']","['brick', 'sound']"
"['dust', 'ash']","['rust', 'boiler']","['wave', 'mountain range']"
"['volcano', 'ash']","['rain', 'boiler']","['air', 'mountain range']"
"['cloud', 'sun']","['steam', 'desert']","['city', 'dam']"
"['rain', 'sun']","['volcano', 'wire']","['grass', 'salt']"
"['rainbow', 'sky']","['beach', 'desert']","['isle', 'garden']"
"['rainbow', 'sun']","['dune', 'rust']","['windmill', 'energy']"
"['rainbow', 'rain']","['atmosphere', 'gun']","['windmill', 'sound']"
"['rainbow', 'cloud']","['gun', 'atomic bomb']","['windmill', 'obsidian']"
"['energy', 'sun']","['atomic bomb', 'boiler']","['plant', 'windmill']"
"['rainbow', 'fire']","['wire', 'gunpowder']","['algae', 'wave']"
"['cloud', 'plant']","['gun', 'dynamite']","['windmill', 'mud']"
"['cotton', 'cloud']","['bullet', 'dynamite']","['sound', 'village']"
"['cotton', 'plant']","['metal', 'dynamite']","['windmill', 'ocean']"
"['rainbow', 'water']","['dynamite', 'sand']","['ash', 'city']"
"['rainbow', 'paint']","['dynamite', 'beach']","['ash', 'dam']"
"['sun', 'paint']","['dynamite', 'water']","['ash', 'dew']"
"['cotton', 'paint']","['beach', 'bullet']","['ash', 'flood']"
"['paint', 'fire']","['earthquake', 'dynamite']","['ash', 'garden']"
"['rainbow', 'air']","['desert', 'bullet']","['ash', 'house']"
"['rainbow', 'earth']","['boiler', 'bullet']","['ash', 'isle']"
"['garden', 'water']","['rain', 'dynamite']","['archipelago', 'dam']"
"['pond', 'water']","['dynamite', 'atomic bomb']","['archipelago', 'earthquake']"
"['lake', 'rain']","['boiler', 'desert']","['ash', 'sound']"
"['lake', 'pond']","['gun', 'stone']","['sound', 'salt']"
"['pond', 'sky']","['dynamite', 'dust']","['ash', 'salt']"
"['river', 'air']","['pressure', 'beach']","['sound', 'sound']"
"['wind', 'pressure']","['steam', 'wall']","['isle', 'obsidian']"
"['earthquake', 'pressure']","['volcano', 'waterfall']","['windmill', 'sea']"
"['mountain range', 'earth']","['waterfall', 'energy']","['dam', 'windmill']"
"['mountain range', 'mountain']","['waterfall', 'earthquake']","['pond', 'ash']"
"['wind', 'plant']","['river', 'cloud']","['granite', 'stone']"
"['flower', 'flower']","['mountain', 'storm']","['wire', 'granite']"
"['energy', 'tsunami']","['storm', 'brick']","['flood', 'granite']"
"['brick', 'ocean']","['waterfall', 'storm']","['electricity', 'village']"
"['house', 'wall']","['river', 'storm']","['atomic bomb', 'wall']"
"['village', 'brick']","['waterfall', 'earth']","['wire', 'wall']"
"['house', 'village']","['river', 'atomic bomb']","['city', 'electricity']"
"['city', 'house']","['gunpowder', 'fog']","['geyser', 'granite']"
"['rain', 'house']","['atomic bomb', 'ash']","['gunpowder', 'granite']"
"['brick', 'house']","['mountain', 'fog']","['granite', 'volcano']"
"['city', 'wall']","['sky', 'beach']","['atomic bomb', 'village']"
"['brick', 'flood']","['clay', 'beach']","['rain', 'village']"
"['flood', 'city']","['cloud', 'clay']","['sandstorm', 'volcano']"
"['flood', 'steam']","['air', 'clay']","['sandstorm', 'lava']"
"['salt', 'wind']","['beach', 'brick']","['sandstorm', 'beach']"
"['flood', 'plant']","['beach', 'sand']","['hurricane', 'beach']"
"['flood', 'garden']","['sky', 'atomic bomb']","['hurricane', 'sandstorm']"
"['pressure', 'wall']","['volcano', 'fog']","['sandstorm', 'stone']"
"['brick', 'pressure']","['geyser', 'fog']","['plant', 'beach']"
"['city', 'mountain range']","['salt', 'flood']","['obsidian', 'dune']"
"['plant', 'dust']","['salt', 'fog']","['hurricane', 'wave']"
"['algae', 'obsidian']","['granite', 'ocean']","['ocean', 'sand']"
"['geyser', 'dust']","['granite', 'hurricane']","['desert', 'stone']"
"['earthquake', 'rain']","['brick', 'river']","['beach', 'stone']"
"['earthquake', 'geyser']","['waterfall', 'steam']","['wind', 'oasis']"
"['sea', 'hurricane']","['waterfall', 'wind']","['air', 'pyramid']"
"['sea', 'air']","['obsidian', 'waterfall']","['rain', 'desert']"
"['sea', 'earthquake']","['mud', 'waterfall']","['salt', 'desert']"
"['lava', 'sea']","['waterfall', 'brick']","['beach', 'wave']"
"['sea', 'mud']","['fire', 'water gun']","['sandstorm', 'ocean']"
"['hurricane', 'flood']","['grenade', 'water gun']","['sandstone', 'stone']"
"['salt', 'tsunami']","['grenade', 'fire']","['sandstone', 'salt']"
"['salt', 'pressure']","['air', 'grenade']","['metal', 'pyramid']"
"['rain', 'sea']","['grenade', 'dust']","['metal', 'tsunami']"
"['energy', 'gunpowder']","['grenade', 'bullet']","['metal', 'wave']"
"['energy', 'salt']","['grenade', 'water']","['boiler', 'wire']"
"['flood', 'wind']","['bullet', 'water gun']","['sandstone', 'wire']"
"['geyser', 'gunpowder']","['water gun', 'stone']","['rain', 'blade']"
"['pressure', 'gunpowder']","['water gun', 'gunpowder']","['wire', 'scissors']"
"['pressure', 'tsunami']","['lava', 'grenade']","['beach', 'pyramid']"
"['earth', 'tsunami']","['bullet', 'stone']","['electricity', 'beach']"
"['geyser', 'tobacco']","['dust', 'water gun']","['electricity', 'desert']"
"['air', 'tobacco']","['grenade', 'atomic bomb']","['electricity', 'sand']"
"['brick', 'tobacco']","['water gun', 'atomic bomb']","['electricity', 'light bulb']"
"['plant', 'brick']","['wire', 'explosion']","['electricity', 'light']"
"['tobacco', 'plant']","['grenade', 'electricity']","['electricity', 'mud']"
"['tobacco', 'energy']","['bullet', 'electricity']","['electricity', 'oasis']"
"['tobacco', 'wind']","['energy', 'grenade']","['electricity', 'pyramid']"
"['gunpowder', 'brick']","['steam', 'isle']","['electricity', 'sandstorm']"
"['gunpowder', 'steam']","['fire', 'archipelago']","['electricity', 'wave']"
"['gunpowder', 'wind']","['gunpowder', 'archipelago']","['light', 'light']"
"['geyser', 'explosion']","['ash', 'archipelago']","['light bulb', 'light bulb']"
"['atomic bomb', 'earth']","['ash', 'pressure']","['energy', 'aquarium']"
"['brick', 'atomic bomb']","['moss', 'atmosphere']","['glasses', 'electricity']"
"['atomic bomb', 'dust']","['electricity', 'plant']","['aquarium', 'electricity']"
"['plant', 'pressure']","['electricity', 'grass']","['light bulb', 'energy']"
"['coal', 'fire']","['mud', 'wire']","['light', 'energy']"
"['coal', 'air']","['metal', 'grass']","['light', 'water']"
"['granite', 'fire']","['wind', 'granite']","['fire', 'light']"
"['earth', 'coal']","['moss', 'granite']","['air', 'light']"
"['gunpowder', 'tobacco']","['granite', 'metal']","['atmosphere', 'light']"
"['lava', 'coal']","['granite', 'electricity']","['light bulb', 'wire']"
"['granite', 'pressure']","['algae', 'metal']","['blade', 'light']"
"['tobacco', 'fire']","['algae', 'granite']","['steam', 'light']"
"['coal', 'coal']","['algae', 'wire']","['wire', 'aquarium']"
"['grass', 'water']","['pressure', 'sand']","['glasses', 'fire']"
"['air', 'dew']","['tsunami', 'wave']","['light', 'blender']"
"['steam', 'dew']","['sea', 'wave']","['boiler', 'light']"
